ISO3,Year,any_campaign,any_nonviolent,any_violent,SupDem_trim,wdi_popurb,wdi_gdpcapcon2015,v2x_polyarchy,v2xeg_eqdr,v2cagenmob,v2cademmob,v2caautmob,v2x_civlib,v2x_execorr,e_boix_regime,e_peaveduc,log_gdpcapcon2015,auto_period_id,auto_period01,auto_period_id005,auto_period005,auto_period_id01ci,auto_period01ci,ert_aut_ep,ert_aut_ep_id,edi_autocracy,Emancipative_valuesWIK2015,Emancipative_valuesWIK2015_sd
ARM,1993,0,0,0,NA,66.606,791.6469961542855,0.606,0.933,-0.092,0.036,-1.459,0.69,0.308,1,10.518,6.674115580528933,Armenia_1,1,Armenia_1,1,Armenia_1,1,0,ARM_1994_2008,0.394,0.2898694452361344,0.03931343522922715
ARM,1994,0,0,0,NA,66.332,855.0810409481966,0.587,0.933,-0.092,0.036,-0.242,0.685,0.308,1,10.53,6.751196249179704,Armenia_1,1,Armenia_1,1,Armenia_1,1,1,ARM_1994_2008,0.41300000000000003,0.2998904259654974,0.037302898932415146
ARM,1995,0,0,0,NA,66.057,928.092496577322,0.49,0.926,0.597,1.044,1.097,0.686,0.335,1,10.542,6.8331314008550805,Armenia_1,1,Armenia_1,1,Armenia_1,1,1,ARM_1994_2008,0.51,0.31060820120668364,0.037673143923276045
ARM,1996,0,0,0,NA,65.781,989.6423432251926,0.422,0.927,2.076,2.12,1.321,0.693,0.461,1,10.554,6.897343608385597,Armenia_1,1,Armenia_1,1,Armenia_1,1,1,ARM_1994_2008,0.5780000000000001,0.28675773447620706,0.02829062837459101
ARM,2002,0,0,0,-0.657819361,64.236,1582.0576216709233,0.407,0.922,-0.337,0.184,-0.26,0.705,0.839,1,10.645,7.366481570970812,Armenia_3,1,Armenia_3,1,Armenia_3,1,1,ARM_1994_2008,0.593,0.3026612702889778,0.03536254164550955
ARM,2003,0,0,0,-0.670886681,64.137,1815.788224479994,0.352,0.922,0.486,1.082,0.566,0.705,0.839,1,10.667,7.504274935885235,Armenia_3,1,Armenia_3,1,Armenia_3,1,1,ARM_1994_2008,0.648,0.3130206205914729,0.03148448080640389
ARM,2004,0,0,0,-0.667120899,64.038,2018.460140870204,0.343,0.922,0.486,0.167,-1.198,0.679,0.839,1,10.688,7.610090193192005,Armenia_3,1,Armenia_3,1,Armenia_3,1,1,ARM_1994_2008,0.657,0.27719524782007954,0.04085402906639464
ARM,2005,0,0,0,-0.676080715,63.938,2312.982861335375,0.344,0.922,-0.256,-0.137,-1.198,0.727,0.839,1,10.71,7.746293252491655,Armenia_3,1,Armenia_3,1,Armenia_3,1,1,ARM_1994_2008,0.656,0.3110627790083819,0.039993187012211134
ARM,2006,0,0,0,-0.684933439,63.839,2636.2566481970034,0.339,0.922,-0.809,0.345,-1.198,0.725,0.839,1,10.732,7.877115253628403,Armenia_3,1,Armenia_3,1,Armenia_3,1,1,ARM_1994_2008,0.661,0.288961557002601,0.027973061699952163
ARM,2007,1,1,0,-0.687543902,63.739,3019.4655606402216,0.347,0.922,-0.299,0.345,-1.198,0.724,0.839,1,10.753,8.012835128033043,Armenia_3,1,Armenia_3,1,Armenia_3,1,1,ARM_1994_2008,0.653,0.2972020128848466,0.024374569403643957
ARM,2008,1,1,0,-0.696126898,63.64,3250.498611011453,0.316,0.909,3.361,3.454,1.796,0.642,0.839,1,10.775,8.086563682329082,Armenia_3,1,Armenia_3,1,Armenia_3,1,1,ARM_1994_2008,0.6839999999999999,0.31856962016408247,0.03950106285097256
AZE,1994,1,0,1,NA,52.515,1264.5271891937043,0.252,0.246,1.08,-0.447,0.697,0.408,0.918,1,10.582,7.142453567811403,Azerbaijan_1,1,Azerbaijan_1,1,Azerbaijan_1,1,1,AZE_1993_1996,0.748,0.2923590670998537,0.024269149038185046
AZE,1995,0,0,0,NA,52.206,1102.4978900740705,0.251,0.258,0.924,-0.447,0.35,0.408,0.918,1,10.59,7.005333693554155,Azerbaijan_1,1,Azerbaijan_1,1,Azerbaijan_1,1,1,AZE_1993_1996,0.749,0.3022358972193526,0.017400772334356183
AZE,1996,0,0,0,NA,51.896,1105.5872422942778,0.24,0.258,0.494,-0.652,-0.744,0.447,0.918,1,10.598,7.008131913777398,Azerbaijan_1,1,Azerbaijan_1,1,Azerbaijan_1,1,1,AZE_1993_1996,0.76,0.33059955193940976,0.030259770273329344
AZE,1997,0,0,0,NA,51.588,1158.481657617604,0.242,0.258,0.411,-0.652,-0.744,0.447,0.918,1,10.606,7.054865510874931,Azerbaijan_1,1,Azerbaijan_1,1,Azerbaijan_1,1,0,NA,0.758,0.3355262713562735,0
AZE,1998,0,0,0,NA,51.278,1262.2918871261254,0.245,0.258,1.03,-0.042,0.353,0.45,0.918,1,10.614,7.140684305681302,Azerbaijan_1,1,Azerbaijan_1,1,Azerbaijan_1,1,0,NA,0.755,0.3361599762836193,0.018219731534754244
AZE,1999,0,0,0,0.49530326,51.185,1343.8559386987813,0.24,0.233,0.636,-0.93,-0.697,0.448,0.918,1,10.622,7.203298326869832,Azerbaijan_1,1,Azerbaijan_1,1,Azerbaijan_1,1,0,NA,0.76,0.3245702547550301,0.015788610361871354
BDI,1987,0,0,0,NA,5.62,419.85605397239954,0.159,0.38,-1.083,-2.066,1.523,0.315,0.116,1,1.028,6.039911923895388,Burundi_3,1,Burundi_3,1,Burundi_3,1,1,BDI_1987_1988,0.841,NA,NA
BDI,1988,0,0,0,NA,5.83,431.4372981110093,0.088,0.422,-1.892,-2.066,1.523,0.316,0.151,1,1.037,6.067122188518655,Burundi_3,1,Burundi_3,1,Burundi_3,1,1,BDI_1987_1988,0.912,NA,NA
BDI,2008,1,0,1,NA,10.118,300.84134924099504,0.404,0.32,-1.216,-0.248,2.284,0.409,0.808,0,2.259,5.706583046860374,Burundi_7,1,Burundi_7,1,Burundi_7,1,0,BDI_2009_2016,0.596,NA,NA
BDI,2009,0,0,0,NA,10.376,296.84709487161666,0.394,0.32,-1.216,0.035,2.284,0.395,0.808,0,2.295,5.693217174149061,Burundi_7,1,Burundi_7,1,Burundi_7,1,1,BDI_2009_2016,0.606,NA,NA
BDI,2010,0,0,0,NA,10.642,297.79172709311035,0.321,0.32,-1.003,-0.626,2.657,0.349,0.849,0,2.331,5.696394339787172,Burundi_7,1,Burundi_7,1,Burundi_7,1,1,BDI_2009_2016,0.679,NA,NA
BDI,2011,0,0,0,NA,10.915,299.0171756651916,0.285,0.32,-1.003,-0.626,2.657,0.356,0.849,0,NA,5.700501015437154,Burundi_7,1,Burundi_7,1,Burundi_7,1,1,BDI_2009_2016,0.7150000000000001,NA,NA
BDI,2012,0,0,0,0.494751768,11.194,301.4813192948214,0.285,0.32,-1.003,-0.626,2.657,0.356,0.86,0,NA,5.708708055026532,Burundi_7,1,Burundi_7,1,Burundi_7,1,1,BDI_2009_2016,0.7150000000000001,NA,NA
BDI,2013,0,0,0,0.69422062,11.482,305.29083523866035,0.279,0.275,-1.003,-0.626,2.657,0.31,0.905,0,NA,5.72126488041918,Burundi_7,1,Burundi_7,1,Burundi_7,1,1,BDI_2009_2016,0.721,NA,NA
BDI,2014,0,0,0,0.890012509,11.776,307.7655313012547,0.271,0.275,-0.721,-0.062,2.657,0.272,0.913,0,NA,5.729338231057598,Burundi_7,1,Burundi_7,1,Burundi_7,1,1,BDI_2009_2016,0.729,NA,NA
BDI,2015,1,1,0,0.891510769,12.078,289.35962720612906,0.197,0.255,2.681,1.36,2.168,0.168,0.913,1,NA,5.6676702993036745,Burundi_7,1,Burundi_7,1,Burundi_7,1,1,BDI_2009_2016,0.8029999999999999,NA,NA
BDI,2016,0,0,0,0.895994722,12.388,282.97596658051054,0.165,0.182,0.345,0.289,1.853,0.117,0.932,1,NA,5.645361970293234,Burundi_7,1,Burundi_7,1,Burundi_7,1,1,BDI_2009_2016,0.835,NA,NA
BDI,2017,0,0,0,0.905237633,12.706,277.9598030515235,0.157,0.182,0.345,0.289,1.853,0.123,0.932,1,NA,5.6274765098961685,Burundi_7,1,Burundi_7,1,Burundi_7,1,0,NA,0.843,NA,NA
BEN,2009,0,0,0,0.454590943,42.58,970.96596890556,0.644,0.625,2.821,1.94,-1.206,0.864,0.605,0,2.834,6.878291420206046,Benin_11,1,Benin_11,0,Benin_11,0,0,NA,0.356,NA,NA
BEN,2010,0,0,0,0.55937915,43.093,962.8161094974128,0.643,0.617,2.982,2.142,-1.206,0.866,0.605,0,2.89,6.869862437693963,Benin_11,1,Benin_11,0,Benin_11,0,0,NA,0.357,NA,NA
BEN,2011,0,0,0,0.644801586,43.608,962.7445896711912,0.604,0.617,2.982,2.142,-1.206,0.865,0.605,0,NA,6.86978815301804,Benin_11,1,Benin_11,0,Benin_11,0,0,NA,0.396,NA,NA
BFA,1980,0,0,0,NA,8.805,310.47257692760195,0.319,0.593,0.285,0.775,1.281,0.505,0.395,1,0.218,5.738095578399428,Burkina Faso_3,1,Burkina Faso_3,1,Burkina Faso_3,1,1,BFA_1980_1981,0.681,NA,NA
BFA,1981,0,0,0,NA,9.428,315.01634272241967,0.16,0.593,0.159,0.683,0.757,0.446,0.395,1,0.239,5.752624519138301,Burkina Faso_3,1,Burkina Faso_3,1,Burkina Faso_3,1,1,BFA_1980_1981,0.84,NA,NA
BFA,2014,1,1,0,-0.158474549,26.934,626.6262507967887,0.575,0.268,2.863,3.187,2.385,0.816,0.421,1,NA,6.440350271666716,Burkina Faso_15,1,Burkina Faso_15,1,Burkina Faso_15,1,1,BFA_2014_2015,0.42500000000000004,NA,NA
BFA,2015,0,0,0,-0.056741769,27.53,632.12668582235,0.376,0.275,2.863,1.356,1.539,0.838,0.377,1,NA,6.449089826309543,Burkina Faso_15,1,Burkina Faso_15,1,Burkina Faso_15,1,1,BFA_2014_2015,0.624,NA,NA
BGD,1982,1,0,1,NA,16.212,441.1143265661421,0.229,0.168,-1.559,-1.339,0.686,0.524,0.777,1,2.44,6.089304085763104,Bangladesh_3,1,Bangladesh_3,1,Bangladesh_3,1,1,BGD_1982_1983,0.771,0.29152378668788737,0.06771164824722843
BGD,1983,1,0,1,NA,16.631,445.7012310065602,0.183,0.168,-0.682,-0.794,0.983,0.498,0.777,1,2.53,6.099648841910913,Bangladesh_3,1,Bangladesh_3,1,Bangladesh_3,1,1,BGD_1982_1983,0.817,0.2897142997068528,0.04761137698525587
BGD,2002,0,0,0,0.339755398,24.756,679.1042675629637,0.463,0.16,1.479,0.974,-0.63,0.619,0.781,0,4.474,6.520774676245139,Bangladesh_7,1,Bangladesh_7,1,Bangladesh_7,1,1,BGD_2002_2007,0.5369999999999999,0.3327896104494952,0
BGD,2003,0,0,0,-0.054222752,25.429,698.9757721188547,0.474,0.16,1.479,0.974,-0.63,0.623,0.781,0,4.501,6.549616080858941,Bangladesh_7,1,Bangladesh_7,1,Bangladesh_7,1,1,BGD_2002_2007,0.526,0.30920248564229647,0.051045775866694745
BGD,2004,1,1,0,-0.451430508,26.114,723.4800679990511,0.474,0.16,1.479,0.974,-0.63,0.576,0.781,0,4.528,6.584072996278158,Bangladesh_7,1,Bangladesh_7,1,Bangladesh_7,1,1,BGD_2002_2007,0.526,0.339860381129855,0.03266849367244812
BGD,2005,0,0,0,-0.849440681,26.809,759.1546401057192,0.474,0.16,2.11,1.439,-0.213,0.576,0.781,0,4.555,6.632205498547835,Bangladesh_7,1,Bangladesh_7,1,Bangladesh_7,1,1,BGD_2002_2007,0.526,0.3426677882529776,0.04124270489145687
BGD,2006,1,1,0,-0.647909145,27.517,800.0604027984778,0.424,0.159,2.507,1.943,1.261,0.571,0.781,0,4.582,6.684687228315779,Bangladesh_7,1,Bangladesh_7,1,Bangladesh_7,1,1,BGD_2002_2007,0.5760000000000001,0.3392888744852577,0.04783713192292397
BGD,2007,1,1,0,-0.455483175,28.237,847.5774423264188,0.205,0.159,-1.029,-1.051,-0.856,0.535,0.636,1,4.609,6.742382212456253,Bangladesh_7,1,Bangladesh_7,1,Bangladesh_7,1,1,BGD_2002_2007,0.795,0.33840354146265345,0.04860876722247028
BGD,2012,0,0,0,0.487438092,31.993,1070.9685396209047,0.411,0.158,0.5,0.843,-1.007,0.505,0.819,0,NA,6.976318695245904,Bangladesh_9,1,Bangladesh_9,1,Bangladesh_9,1,1,BGD_2011_2024,0.589,NA,NA
BGD,2013,0,0,0,0.679029742,32.762,1121.0761794215105,0.377,0.184,0.485,1.531,-0.564,0.472,0.834,0,NA,7.022044377428251,Bangladesh_9,1,Bangladesh_9,1,Bangladesh_9,1,1,BGD_2011_2024,0.623,NA,NA
BGD,2014,0,0,0,0.677197332,33.535,1174.302401381374,0.281,0.184,0.485,1.378,0.841,0.464,0.83,1,NA,7.06842954931604,Bangladesh_9,1,Bangladesh_9,1,Bangladesh_9,1,1,BGD_2011_2024,0.719,NA,NA
BGD,2015,0,0,0,0.675965918,34.308,1236.4354555045988,0.271,0.185,0.198,0.503,0.841,0.465,0.79,1,NA,7.119987886249744,Bangladesh_9,1,Bangladesh_9,1,Bangladesh_9,1,1,BGD_2011_2024,0.729,NA,NA
BGD,2016,0,0,0,0.677279345,35.083,1308.188406411629,0.269,0.185,-0.34,0.503,0.841,0.461,0.79,1,NA,7.176398563243254,Bangladesh_9,1,Bangladesh_9,1,Bangladesh_9,1,1,BGD_2011_2024,0.731,NA,NA
BGD,2017,0,0,0,0.677107294,35.858,1377.083561626552,0.264,0.142,-0.34,0.503,0.841,0.439,0.81,1,NA,7.227723180712123,Bangladesh_9,1,Bangladesh_9,1,Bangladesh_9,1,1,BGD_2011_2024,0.736,NA,NA
BGR,2017,0,0,0,-0.74559194,74.669,7601.438474005965,0.624,0.749,-0.234,0.746,0.081,0.85,0.403,0,NA,8.93609278126009,Bulgaria_19,1,Bulgaria_19,1,Bulgaria_19,1,0,NA,0.376,NA,NA
BHR,2011,1,1,0,-0.491096597,88.695,21879.183341525248,0.17,0.741,3.868,4.059,3.393,0.185,0.674,1,NA,9.993290931411796,Bahrain_3,1,Bahrain_3,1,Bahrain_3,1,0,NA,0.83,NA,NA
BHR,2012,1,1,0,-0.609092639,88.762,22456.56435539296,0.159,0.74,2.64,2.101,3.143,0.191,0.687,1,NA,10.01933824933409,Bahrain_3,1,Bahrain_3,1,Bahrain_3,1,0,NA,0.841,NA,NA
BHR,2013,1,1,0,-0.719408501,88.835,22983.75373560596,0.158,0.74,2.256,2.101,2.716,0.194,0.687,1,NA,10.042542886000522,Bahrain_3,1,Bahrain_3,1,Bahrain_3,1,0,NA,0.842,NA,NA
BHR,2014,1,1,0,-0.83190833,88.915,23078.882145246844,0.156,0.74,1.665,2.101,2.435,0.198,0.687,1,NA,10.046673285534295,Bahrain_3,1,Bahrain_3,1,Bahrain_3,1,0,NA,0.844,NA,NA
BHR,2015,1,1,0,-0.834791668,88.999,22850.6653959938,0.134,0.74,1.496,1.916,2.259,0.222,0.687,1,NA,10.03673551607315,Bahrain_3,1,Bahrain_3,1,Bahrain_3,1,0,NA,0.866,NA,NA
BHR,2016,1,1,0,-0.833040243,89.09,22847.34603537302,0.13,0.74,0.476,0.711,1.813,0.219,0.687,1,NA,10.036590242328291,Bahrain_3,1,Bahrain_3,1,Bahrain_3,1,0,NA,0.87,NA,NA
BHR,2017,1,1,0,-0.823390317,89.186,22950.212141415945,0.122,0.794,0.544,0.865,0.811,0.203,0.687,1,NA,10.04108245908065,Bahrain_3,1,Bahrain_3,1,Bahrain_3,1,0,NA,0.878,NA,NA
BLR,1995,0,0,0,-1.249225522,67.926,1886.487655007038,0.496,0.894,0.81,1.611,-0.734,0.753,0.74,1,9.697,7.542471995522385,Belarus_1,1,Belarus_1,1,Belarus_1,1,1,BLR_1995_2001,0.504,0.36498339703040217,0.022421676488062543
BLR,1996,0,0,0,-1.147597395,68.308,1945.8494987472368,0.442,0.893,1.514,2.011,-0.602,0.624,0.74,1,9.729,7.573453920981894,Belarus_1,1,Belarus_1,1,Belarus_1,1,1,BLR_1995_2001,0.558,0.35606166557484,0
BLR,1997,0,0,0,-0.895641474,68.687,2176.704154226064,0.366,0.893,1.014,0.688,-1.773,0.647,0.701,1,9.762,7.685567155916266,Belarus_1,1,Belarus_1,1,Belarus_1,1,1,BLR_1995_2001,0.634,0.3707460871745048,0.05270972957423143
BLR,1998,0,0,0,-0.662662837,69.064,2370.1993190257595,0.344,0.893,-0.212,0.265,-1.773,0.634,0.701,1,9.794,7.770729331447649,Belarus_1,1,Belarus_1,1,Belarus_1,1,1,BLR_1995_2001,0.656,0.3734011084945358,0.03599008950545011
BLR,1999,0,0,0,-0.657105745,69.482,2461.8402014150915,0.328,0.893,0.743,0.538,-1.773,0.471,0.701,1,9.827,7.80866439863267,Belarus_1,1,Belarus_1,1,Belarus_1,1,1,BLR_1995_2001,0.6719999999999999,0.37611376163254195,0.029060715812819035
BLR,2000,0,0,0,-0.639942428,69.973,2616.9271820746158,0.297,0.893,0.153,0.249,-1.773,0.487,0.701,1,9.86,7.86975607718109,Belarus_1,1,Belarus_1,1,Belarus_1,1,1,BLR_1995_2001,0.7030000000000001,0.41188684786678087,0
BLR,2001,0,0,0,-0.70306743,70.458,2754.6794075515886,0.246,0.893,0.368,0.292,-1.778,0.602,0.701,1,9.894,7.921056347320906,Belarus_1,1,Belarus_1,1,Belarus_1,1,1,BLR_1995_2001,0.754,0.35086201622986996,0.02002839577776621
BLR,2002,0,0,0,-0.756592748,70.939,2912.1391533393016,0.242,0.893,-0.211,-0.151,-1.846,0.59,0.701,1,9.929,7.976643194349064,Belarus_1,1,Belarus_1,1,Belarus_1,1,0,NA,0.758,0.3600901218349688,0.014625205493797762
BLR,2003,0,0,0,-0.827413172,71.415,3139.138008459004,0.241,0.893,-0.211,-0.151,-1.846,0.581,0.701,1,9.963,8.051703521615853,Belarus_1,1,Belarus_1,1,Belarus_1,1,0,NA,0.759,0.3807221703834004,0.017076048878411704
BLR,2004,0,0,0,-0.88807803,71.887,3522.508950519237,0.241,0.893,-0.094,0.024,-0.985,0.579,0.701,1,9.998,8.166928784726098,Belarus_1,1,Belarus_1,1,Belarus_1,1,0,NA,0.759,0.36657809866869817,0.03278364992340283
BLR,2005,0,0,0,-0.852445464,72.354,3880.035409934236,0.233,0.893,0.162,0.024,-1.834,0.588,0.701,1,10.032,8.263599558847385,Belarus_1,1,Belarus_1,1,Belarus_1,1,0,NA,0.767,0.3834897663477781,0.03949356883547675
BLR,2006,1,1,0,-0.81239519,72.816,4294.2519544298375,0.227,0.893,1.151,1.223,-1.767,0.569,0.701,1,10.067,8.365032652644198,Belarus_1,1,Belarus_1,1,Belarus_1,1,0,NA,0.773,0.3622005424552071,0.03951092354780244
BOL,2013,0,0,0,-0.152408103,67.699,2777.7205324093675,0.661,0.407,0.654,1.296,-0.774,0.833,0.645,0,NA,7.929385917969136,Bolivia_29,1,Bolivia_29,1,Bolivia_29,1,1,BOL_2006_2020,0.33899999999999997,NA,NA
BOL,2014,0,0,0,-0.081153327,68.047,2882.806896136382,0.646,0.411,0.654,0.598,-0.774,0.833,0.65,0,NA,7.966519715213507,Bolivia_29,1,Bolivia_29,1,Bolivia_29,1,1,BOL_2006_2020,0.354,NA,NA
BOL,2015,0,0,0,-0.098944219,68.393,2975.648811430626,0.617,0.385,0.787,0.598,-0.774,0.842,0.67,0,NA,7.9982173820778675,Bolivia_29,1,Bolivia_29,1,Bolivia_29,1,1,BOL_2006_2020,0.383,NA,NA
BRA,2015,1,1,0,-0.704901677,85.77,8783.2154236384,0.863,0.542,1.005,0.417,0.247,0.862,0.578,0,NA,9.0805978409576,Brazil_17,1,Brazil_17,1,Brazil_17,1,1,BRA_2015_2021,0.137,NA,NA
BRA,2016,1,1,0,-0.946217428,86.042,8426.843220688852,0.782,0.479,1.745,1.985,1.183,0.838,0.635,0,NA,9.03917751119545,Brazil_17,1,Brazil_17,1,Brazil_17,1,1,BRA_2015_2021,0.21799999999999997,NA,NA
BRA,2017,0,0,0,-1.001173772,86.309,8470.940603787212,0.778,0.473,1.19,0.812,0.776,0.821,0.638,0,NA,9.044396832694916,Brazil_17,1,Brazil_17,1,Brazil_17,1,1,BRA_2015_2021,0.22199999999999998,NA,NA
CAF,2003,1,0,1,NA,37.884,426.15958084043206,0.246,0.305,1.076,2.503,0.972,0.516,0.763,1,2.82,6.054813879035029,Central African Republic_5,1,Central African Republic_5,1,Central African Republic_5,1,1,CAF_2003_2004,0.754,NA,NA
CAF,2004,1,0,1,NA,37.966,442.0152360506393,0.22,0.273,0.188,1.097,0.972,0.462,0.827,1,2.854,6.091344352186401,Central African Republic_5,1,Central African Republic_5,1,Central African Republic_5,1,1,CAF_2003_2004,0.78,NA,NA
CIV,1998,0,0,0,NA,42.342,1900.213380904663,0.392,0.265,1.138,0.843,0.964,0.717,0.8,1,NA,7.549721464588011,Ivory Coast_7,1,Ivory Coast_7,1,Ivory Coast_7,1,0,NA,0.608,NA,NA
CIV,1999,0,0,0,NA,42.741,1865.123050912996,0.388,0.257,1.669,0.843,1.268,0.71,0.813,1,NA,7.5310823089432155,Ivory Coast_7,1,Ivory Coast_7,1,Ivory Coast_7,1,0,CIV_2000_2000,0.612,NA,NA
CIV,2000,1,1,0,NA,43.155,1809.920800719703,0.274,0.242,2.481,2.086,1.88,0.729,0.638,1,NA,7.501038366794076,Ivory Coast_7,1,Ivory Coast_7,1,Ivory Coast_7,1,1,CIV_2000_2000,0.726,NA,NA
COG,1994,1,0,1,NA,55.996,2072.839196562714,0.449,0.226,-0.225,-0.454,0.699,0.571,0.642,1,NA,7.636674539027964,Republic of the Congo_5,1,Republic of the Congo_5,1,Republic of the Congo_5,1,1,COG_1994_1998,0.5509999999999999,NA,NA
COG,1995,1,0,1,NA,56.413,2098.000776601852,0.449,0.226,-0.225,-0.454,0.699,0.571,0.642,1,NA,7.648740159119116,Republic of the Congo_5,1,Republic of the Congo_5,1,Republic of the Congo_5,1,1,COG_1994_1998,0.5509999999999999,NA,NA
COG,1996,1,0,1,NA,56.832,2130.3075296874936,0.449,0.226,-0.225,-0.454,0.699,0.571,0.642,1,NA,7.664021628416636,Republic of the Congo_5,1,Republic of the Congo_5,1,Republic of the Congo_5,1,1,COG_1994_1998,0.5509999999999999,NA,NA
COG,1997,1,0,1,NA,57.299,2073.96408228555,0.246,0.158,-0.701,0.433,0.699,0.347,0.833,1,NA,7.637217070551543,Republic of the Congo_5,1,Republic of the Congo_5,1,Republic of the Congo_5,1,1,COG_1994_1998,0.754,NA,NA
COG,1998,1,0,1,NA,57.766,2105.9699756745786,0.164,0.218,-1.018,-0.581,0.699,0.348,0.833,1,NA,7.652531436027518,Republic of the Congo_5,1,Republic of the Congo_5,1,Republic of the Congo_5,1,1,COG_1994_1998,0.836,NA,NA
COG,1999,1,0,1,NA,58.231,1997.527501276469,0.164,0.218,-0.851,-0.581,0.699,0.348,0.833,1,NA,7.599665445393699,Republic of the Congo_5,1,Republic of the Congo_5,1,Republic of the Congo_5,1,0,NA,0.836,NA,NA
COG,2000,1,0,1,NA,58.695,2068.3839129759003,0.161,0.218,-1.171,-0.581,0.699,0.339,0.833,1,NA,7.634522862970984,Republic of the Congo_5,1,Republic of the Congo_5,1,Republic of the Congo_5,1,0,NA,0.839,NA,NA
COM,1996,0,0,0,NA,28.257,1096.607184910415,0.322,0.356,-1.8,0.385,0.15,0.58,0.752,1,NA,6.999976314936825,Comoros_7,1,Comoros_7,1,Comoros_7,1,0,NA,0.6779999999999999,NA,NA
COM,1998,1,0,1,NA,28.168,1106.903299863482,0.442,0.356,-0.625,-0.27,-0.198,0.587,0.752,1,NA,7.009321575562924,Comoros_9,1,Comoros_9,1,Comoros_9,1,0,COM_1999_2000,0.558,NA,NA
COM,1999,1,0,1,NA,28.124,1105.7366886907978,0.305,0.356,-1.194,-0.27,-0.198,0.602,0.752,1,NA,7.008267078413075,Comoros_9,1,Comoros_9,1,Comoros_9,1,1,COM_1999_2000,0.6950000000000001,NA,NA
COM,2000,1,0,1,NA,28.08,1202.1313836402746,0.225,0.356,-1.72,-0.153,-0.317,0.607,0.73,1,NA,7.091851413315125,Comoros_9,1,Comoros_9,1,Comoros_9,1,1,COM_1999_2000,0.775,NA,NA
COM,2001,0,0,0,NA,28.036,1205.5091825287864,0.229,0.356,-1.293,-0.153,-0.317,0.611,0.654,1,NA,7.094657314787392,Comoros_9,1,Comoros_9,1,Comoros_9,1,0,NA,0.771,NA,NA
DZA,1992,1,0,1,NA,53.657,3440.459383366625,0.188,0.708,2.103,2.7,2.623,0.434,0.57,1,5.306,8.143360283127892,Algeria_7,1,Algeria_7,1,Algeria_7,1,1,DZA_1992_1993,0.812,0.2737608792364118,0.018926496403671274
ECU,2007,0,0,0,-0.514072308,62.104,4740.758989135283,0.671,0.535,0.445,-1.583,-1.84,0.882,0.608,0,8.408,8.46395252616074,Ecuador_19,1,Ecuador_19,1,Ecuador_19,1,1,ECU_2007_2013,0.32899999999999996,NA,NA
ECU,2008,0,0,0,-0.625471806,62.3,4966.619295259502,0.632,0.582,0.445,-1.583,-1.84,0.863,0.604,0,8.465,8.510494665352741,Ecuador_19,1,Ecuador_19,1,Ecuador_19,1,1,ECU_2007_2013,0.368,NA,NA
ECU,2009,0,0,0,-0.650618897,62.495,4937.038397013901,0.612,0.623,0.179,-0.52,-1.641,0.853,0.604,0,8.522,8.504520915626614,Ecuador_19,1,Ecuador_19,1,Ecuador_19,1,1,ECU_2007_2013,0.388,NA,NA
ECU,2010,0,0,0,-0.245700101,62.69,5051.38961980715,0.588,0.616,-0.085,-1.805,-1.203,0.83,0.615,0,8.579,8.527418656655508,Ecuador_19,1,Ecuador_19,1,Ecuador_19,1,1,ECU_2007_2013,0.41200000000000003,NA,NA
ECU,2011,0,0,0,-0.210938878,62.851,5390.584367393069,0.587,0.616,-0.304,-1.805,-1.203,0.827,0.615,0,NA,8.592409074982392,Ecuador_19,1,Ecuador_19,1,Ecuador_19,1,1,ECU_2007_2013,0.41300000000000003,NA,NA
ECU,2012,0,0,0,-0.447397247,62.988,5611.680474809108,0.589,0.618,0.084,-1.577,-0.799,0.829,0.615,0,NA,8.632605503537482,Ecuador_19,1,Ecuador_19,1,Ecuador_19,1,1,ECU_2007_2013,0.41100000000000003,NA,NA
ECU,2013,0,0,0,-0.262021309,63.125,5924.858872647472,0.541,0.618,0.084,-1.577,-0.799,0.798,0.642,0,NA,8.686912146757203,Ecuador_19,1,Ecuador_19,1,Ecuador_19,1,1,ECU_2007_2013,0.45899999999999996,NA,NA
ECU,2014,0,0,0,-0.247802196,63.261,6084.307647156554,0.54,0.616,-0.276,-1.784,-1.235,0.799,0.642,0,NA,8.713468218694516,Ecuador_19,1,Ecuador_19,1,Ecuador_19,1,0,NA,0.45999999999999996,NA,NA
ECU,2015,1,1,0,0.008951055,63.398,6002.108311102401,0.534,0.616,-0.054,-1.784,-1.235,0.801,0.642,0,NA,8.69986607167261,Ecuador_19,1,Ecuador_19,1,Ecuador_19,1,0,NA,0.46599999999999997,NA,NA
ECU,2016,1,1,0,0.093082288,63.534,5872.459719533054,0.543,0.616,-0.171,-1.784,-0.789,0.805,0.642,0,NA,8.678028857341056,Ecuador_19,1,Ecuador_19,1,Ecuador_19,1,0,NA,0.45699999999999996,NA,NA
ECU,2017,1,1,0,0.21312621,63.67,6127.149467301088,0.555,0.627,0.072,-1.454,-1.14,0.847,0.417,0,NA,8.720484907287105,Ecuador_19,1,Ecuador_19,1,Ecuador_19,1,0,NA,0.44499999999999995,NA,NA
EGY,2013,1,1,1,-0.556386486,42.893,3283.740719933082,0.187,0.236,3.019,1.161,1.482,0.217,0.546,1,NA,8.096738514938073,Egypt_13,1,Egypt_13,1,Egypt_13,1,1,EGY_2013_2014,0.813,NA,NA
EGY,2014,1,1,1,-0.904458681,42.839,3301.204443484684,0.135,0.231,-0.111,-0.045,0.844,0.174,0.559,1,NA,8.102042663738672,Egypt_13,1,Egypt_13,1,Egypt_13,1,1,EGY_2013_2014,0.865,NA,NA
EST,1991,1,1,0,NA,NA,NA,0.607,0.893,0.385,0.484,-0.098,0.903,0.17,0,9.925,NA,Estonia_5,1,Estonia_5,1,Estonia_5,1,1,EST_1991_1992,0.393,0.41355837283886765,0.037479240140875676
EST,1992,0,0,0,NA,70.86,6901.8586952300575,0.451,0.893,-0.366,-1.137,-1.888,0.92,0.112,0,10.073,8.839546030430416,Estonia_5,1,Estonia_5,1,Estonia_5,1,1,EST_1991_1992,0.5489999999999999,0.41169061812377356,0.02427034236136796
FJI,1987,1,1,1,NA,39.327,3048.9124159723483,0.329,0.546,0.555,-0.901,-0.681,0.7,0.367,1,6.906,8.022540221082835,Fiji_13,1,Fiji_13,1,Fiji_13,1,1,FJI_1987_1988,0.671,NA,NA
FJI,1988,0,0,0,NA,40.085,3039.426382218954,0.221,0.546,-0.719,-0.901,-1.183,0.721,0.367,1,7,8.019424086536503,Fiji_13,1,Fiji_13,1,Fiji_13,1,1,FJI_1987_1988,0.779,NA,NA
FJI,2000,1,1,0,NA,47.908,4000.854326607428,0.346,0.546,0.751,-0.426,-0.591,0.706,0.367,1,7.811,8.29426319894857,Fiji_15,1,Fiji_15,1,Fiji_15,1,1,FJI_2000_2001,0.654,NA,NA
FJI,2001,0,0,0,NA,48.3,4038.133152866157,0.257,0.546,-0.429,-0.66,-1.191,0.757,0.367,1,7.855,8.303537773283592,Fiji_15,1,Fiji_15,1,Fiji_15,1,1,FJI_2000_2001,0.743,NA,NA
FJI,2006,0,0,0,NA,50.264,4330.827196584391,0.397,0.555,-0.383,-0.479,-0.612,0.669,0.362,1,8.073,8.373513841223156,Fiji_17,1,Fiji_17,1,Fiji_17,1,1,FJI_2006_2007,0.603,NA,NA
FJI,2007,0,0,0,NA,50.657,4257.514495471579,0.137,0.551,-1.692,-1.57,-0.989,0.57,0.35,1,8.117,8.356440817221964,Fiji_17,1,Fiji_17,1,Fiji_17,1,1,FJI_2006_2007,0.863,NA,NA
FJI,2008,0,0,0,NA,51.146,4272.306608606596,0.134,0.551,-1.692,-1.57,-0.989,0.563,0.35,1,8.161,8.35990914974214,Fiji_17,1,Fiji_17,1,Fiji_17,1,0,NA,0.866,NA,NA
FJI,2009,0,0,0,NA,51.658,4191.347242300029,0.13,0.551,-1.075,-0.998,-0.989,0.564,0.35,1,8.204,8.34077749877584,Fiji_17,1,Fiji_17,1,Fiji_17,1,0,NA,0.87,NA,NA
GHA,1981,0,0,0,NA,31.388,840.6947036227988,0.255,0.262,2.105,2.154,-1.179,0.636,0.698,1,4.418,6.73422857816042,Ghana_7,1,Ghana_7,1,Ghana_7,1,1,GHA_1981_1982,0.745,0.21129871712425474,0.05451672351609151
GHA,1982,0,0,0,NA,31.614,759.3573422683769,0.11,0.326,1.699,1.905,-1.179,0.377,0.757,1,4.466,6.632472473278644,Ghana_7,1,Ghana_7,1,Ghana_7,1,1,GHA_1981_1982,0.89,0.19896169904657615,0.045230013252350654
GHA,1983,0,0,0,NA,31.842,702.4236454762535,0.102,0.321,1.699,1.905,-1.179,0.377,0.757,1,4.514,6.5545367055872275,Ghana_7,1,Ghana_7,1,Ghana_7,1,0,NA,0.898,0.20466555527617297,0.04086096248776141
GHA,2012,0,0,0,1.060698831,52.073,1631.919370498725,0.776,0.564,1.879,1.626,-2.119,0.934,0.671,0,NA,7.397512128971905,Ghana_11,1,Ghana_11,1,Ghana_11,1,0,NA,0.22399999999999998,NA,NA
GHA,2013,0,0,0,0.823759998,52.748,1708.8280133417752,0.756,0.571,1.879,1.626,-2.119,0.932,0.711,0,NA,7.443563042206979,Ghana_11,1,Ghana_11,1,Ghana_11,1,0,NA,0.244,NA,NA
GHA,2014,0,0,0,0.552214004,53.419,1715.8239714129988,0.747,0.571,1.879,1.626,-2.119,0.926,0.711,0,NA,7.447648694024486,Ghana_11,1,Ghana_11,1,Ghana_11,1,0,NA,0.253,NA,NA
GHA,2015,0,0,0,0.543349362,54.086,1711.2713256145337,0.74,0.544,1.879,1.91,-2.119,0.923,0.704,0,NA,7.444991838534962,Ghana_11,1,Ghana_11,1,Ghana_11,1,0,NA,0.26,NA,NA
GHA,2016,0,0,0,0.378757828,54.749,1728.0970856164402,0.731,0.573,1.879,1.664,-2.119,0.93,0.704,0,NA,7.454776131591561,Ghana_11,1,Ghana_11,1,Ghana_11,1,0,NA,0.269,NA,NA
GHA,2017,0,0,0,0.213278815,55.407,1827.273927227846,0.743,0.566,1.584,1.924,-2.119,0.925,0.71,0,NA,7.510580477940437,Ghana_11,1,Ghana_11,1,Ghana_11,1,0,NA,0.257,NA,NA
GIN,2006,0,0,0,NA,32.539,653.1193780974006,0.265,0.179,1.689,1.48,0.242,0.431,0.96,1,2.932,6.48175992741837,Guinea_7,1,Guinea_7,1,Guinea_7,1,0,NA,0.735,NA,NA
GIN,2007,1,1,0,NA,32.822,681.8281758401181,0.265,0.179,2.289,1.825,0.242,0.431,0.96,1,3.036,6.524777684517445,Guinea_7,1,Guinea_7,1,Guinea_7,1,0,NA,0.735,NA,NA
GIN,2008,1,1,0,NA,33.106,693.1141053910173,0.263,0.179,1.55,1.323,0.242,0.39,0.96,1,3.14,6.541194639879773,Guinea_7,1,Guinea_7,1,Guinea_7,1,0,NA,0.737,NA,NA
GIN,2009,1,1,0,NA,33.391,668.8147425367227,0.173,0.195,2.155,1.549,0.5,0.372,0.947,1,3.243,6.505507104794174,Guinea_7,1,Guinea_7,1,Guinea_7,1,0,NA,0.827,NA,NA
GMB,1980,0,0,0,NA,28.414,677.7084107043254,0.455,0.236,-2.372,-2.432,-1.911,0.776,0.475,0,1.008,6.5187171227251195,The Gambia_3,1,The Gambia_3,0,The Gambia_3,0,0,NA,0.5449999999999999,NA,NA
GMB,1981,0,0,0,NA,29.256,677.353215409594,0.451,0.422,-1.924,-2.432,-1.911,0.75,0.561,0,1.098,6.518192873058505,The Gambia_3,1,The Gambia_3,0,The Gambia_3,0,0,NA,0.5489999999999999,NA,NA
GMB,1990,0,0,0,NA,38.312,667.6238220738131,0.473,0.389,-2.397,-2.432,-1.911,0.789,0.592,0,1.912,6.503724874305355,The Gambia_5,1,The Gambia_5,1,The Gambia_5,1,0,NA,0.527,NA,NA
GMB,1991,0,0,0,NA,39.41,661.1002094119101,0.473,0.389,-2.397,-2.432,-1.911,0.789,0.592,0,1.991,6.493905431102317,The Gambia_5,1,The Gambia_5,1,The Gambia_5,1,0,NA,0.527,NA,NA
GMB,1992,0,0,0,NA,40.52,656.9906264669046,0.467,0.389,-2.397,-2.432,-1.911,0.789,0.592,0,2.069,6.4876697512091726,The Gambia_5,1,The Gambia_5,1,The Gambia_5,1,0,GMB_1993_1995,0.5329999999999999,NA,NA
GMB,1993,0,0,0,NA,41.586,652.938359340974,0.443,0.389,-2.397,-2.432,-1.911,0.778,0.592,0,2.148,6.481482728712069,The Gambia_5,1,The Gambia_5,1,The Gambia_5,1,1,GMB_1993_1995,0.5569999999999999,NA,NA
GMB,1994,0,0,0,NA,42.472,633.5704196221155,0.207,0.475,-1.085,-2.305,-0.533,0.437,0.716,1,2.227,6.451371153207912,The Gambia_5,1,The Gambia_5,1,The Gambia_5,1,1,GMB_1993_1995,0.793,NA,NA
GMB,1995,0,0,0,NA,43.362,620.4930815963509,0.1,0.475,-2.352,-2.305,-1.383,0.332,0.756,1,2.305,6.430514454858653,The Gambia_5,1,The Gambia_5,1,The Gambia_5,1,1,GMB_1993_1995,0.9,NA,NA
GNB,2002,0,0,0,NA,37.004,595.7172948700797,0.438,0.179,-0.566,-1.765,-1.381,0.597,0.96,1,NA,6.3897662170654375,Guinea-Bissau_5,1,Guinea-Bissau_5,1,Guinea-Bissau_5,1,0,NA,0.562,NA,NA
GNB,2003,0,0,0,NA,37.387,580.4803185738239,0.376,0.214,-0.566,-0.807,-0.126,0.609,0.96,1,NA,6.363855896297592,Guinea-Bissau_5,1,Guinea-Bissau_5,1,Guinea-Bissau_5,1,0,NA,0.624,NA,NA
GNB,2010,0,0,0,NA,40.111,625.5553753761526,0.444,0.248,-0.341,-0.04,-1.518,0.635,0.847,1,NA,6.438639855766458,Guinea-Bissau_9,1,Guinea-Bissau_9,1,Guinea-Bissau_9,1,0,NA,0.556,NA,NA
GNB,2011,0,0,0,NA,40.508,658.5680953563012,0.447,0.253,-0.341,-0.04,-1.518,0.632,0.847,1,NA,6.490067925641468,Guinea-Bissau_9,1,Guinea-Bissau_9,1,Guinea-Bissau_9,1,0,GNB_2012_2013,0.5529999999999999,NA,NA
GNB,2012,0,0,0,NA,40.908,630.1725494843836,0.326,0.244,-0.341,0.266,-0.504,0.586,0.905,1,NA,6.445993669955538,Guinea-Bissau_9,1,Guinea-Bissau_9,1,Guinea-Bissau_9,1,1,GNB_2012_2013,0.6739999999999999,NA,NA
GNB,2013,0,0,0,NA,41.31,633.4306421572635,0.288,0.277,0.695,0.12,-1.722,0.698,0.839,1,NA,6.451150510195628,Guinea-Bissau_9,1,Guinea-Bissau_9,1,Guinea-Bissau_9,1,1,GNB_2012_2013,0.712,NA,NA
HND,2009,1,1,0,-0.760625434,51.225,2054.384111910409,0.441,0.152,0.3,2.953,0.891,0.653,0.796,1,5.754,7.627731379777268,Honduras_17,1,Honduras_17,1,Honduras_17,1,1,HND_2006_2010,0.5589999999999999,NA,NA
HND,2010,0,0,0,-0.625784742,51.885,2087.252270721676,0.402,0.144,0.008,0.525,-1.252,0.71,0.788,0,5.79,7.643603776974668,Honduras_17,1,Honduras_17,1,Honduras_17,1,1,HND_2006_2010,0.598,NA,NA
HRV,2014,0,0,0,0.094071423,55.923,11736.334882445362,0.828,0.862,1.068,0.222,0.082,0.933,0.129,0,NA,9.370444854048072,Croatia_7,1,Croatia_7,1,Croatia_7,1,1,HRV_2013_2017,0.17200000000000004,NA,NA
HRV,2015,0,0,0,0.099997643,56.155,12135.103618668334,0.816,0.862,1.721,0.199,0.225,0.926,0.129,0,NA,9.403857656951468,Croatia_7,1,Croatia_7,1,Croatia_7,1,1,HRV_2013_2017,0.18400000000000005,NA,NA
HRV,2016,0,0,0,0.102226945,56.403,12666.087207666184,0.764,0.855,1.06,0.199,0.07,0.9,0.177,0,NA,9.446683402230802,Croatia_7,1,Croatia_7,1,Croatia_7,1,1,HRV_2013_2017,0.236,NA,NA
HRV,2017,0,0,0,0.097194858,56.667,13250.410717187842,0.739,0.846,0.997,0.951,-0.561,0.891,0.206,0,NA,9.491783828457566,Croatia_7,1,Croatia_7,1,Croatia_7,1,1,HRV_2013_2017,0.261,NA,NA
HTI,1992,0,0,0,NA,30.8,1493.3366566717214,0.175,0.123,0.766,1.165,-0.297,0.361,0.82,1,3.109,7.308768262188258,Haiti_19,1,Haiti_19,1,Haiti_19,1,1,HTI_1992_1992,0.825,NA,NA
HTI,2001,0,0,0,NA,37.251,1305.49776637104,0.411,0.14,1.088,2.128,0.17,0.719,0.787,1,3.531,7.174339677200178,Haiti_21,1,Haiti_21,1,Haiti_21,1,1,HTI_2001_2004,0.589,NA,NA
HTI,2002,0,0,0,NA,38.935,1296.4106622457064,0.409,0.14,1.088,2.128,0.519,0.699,0.787,1,3.609,7.167354695736584,Haiti_21,1,Haiti_21,1,Haiti_21,1,1,HTI_2001_2004,0.591,NA,NA
HTI,2003,1,1,0,NA,40.645,1318.5941355234704,0.406,0.14,1.633,2.128,0.976,0.686,0.787,1,3.687,7.184321399167011,Haiti_21,1,Haiti_21,1,Haiti_21,1,1,HTI_2001_2004,0.594,NA,NA
HTI,2004,1,1,0,NA,41.679,1279.5465790413296,0.243,0.131,2.118,2.46,-0.152,0.652,0.787,1,3.764,7.15426105903362,Haiti_21,1,Haiti_21,1,Haiti_21,1,1,HTI_2001_2004,0.757,NA,NA
HTI,2005,1,1,0,NA,42.638,1297.0859792146528,0.237,0.13,1.566,2.034,-0.4,0.656,0.828,1,3.842,7.167875472955582,Haiti_21,1,Haiti_21,1,Haiti_21,1,0,NA,0.763,NA,NA
HUN,2006,0,0,0,0.153733934,66.895,11741.947676917776,0.831,0.773,1.685,-0.683,1.192,0.934,0.401,0,11.014,9.370922980552013,Hungary_15,1,Hungary_15,1,Hungary_15,1,1,HUN_2006_2024,0.16900000000000004,0.46254441640213884,0.02216473705687164
HUN,2007,0,0,0,0.238250096,67.421,11792.771289739174,0.853,0.771,0.681,-1.389,1.836,0.946,0.411,0,11.058,9.37524202017166,Hungary_15,1,Hungary_15,1,Hungary_15,1,1,HUN_2006_2024,0.14700000000000002,0.41432148090075704,0.0449214324626387
HUN,2008,0,0,0,0.328963358,67.943,11932.03839955354,0.853,0.766,0.979,-1.17,2.307,0.946,0.411,0,11.102,9.386982363828718,Hungary_15,1,Hungary_15,1,Hungary_15,1,1,HUN_2006_2024,0.14700000000000002,0.44492714882122186,0.025939208986597816
HUN,2009,0,0,0,0.274499775,68.46,11162.055972274196,0.853,0.773,0.828,-1.366,2.041,0.946,0.37,0,11.146,9.3202754458739,Hungary_15,1,Hungary_15,1,Hungary_15,1,1,HUN_2006_2024,0.14700000000000002,0.4469822764870267,0.0348771392350121
HUN,2010,0,0,0,0.323620645,68.911,11307.7161991209,0.81,0.754,1.002,-0.215,1.584,0.927,0.552,0,11.19,9.333240621144531,Hungary_15,1,Hungary_15,1,Hungary_15,1,1,HUN_2006_2024,0.18999999999999995,0.449374679852199,0.0360042031919801
HUN,2011,0,0,0,0.366801334,69.358,11551.498928934232,0.782,0.75,0.948,-0.404,1.624,0.913,0.623,0,NA,9.354570484926485,Hungary_15,1,Hungary_15,1,Hungary_15,1,1,HUN_2006_2024,0.21799999999999997,NA,NA
HUN,2012,0,0,0,0.414182937,69.678,11466.141909470409,0.777,0.75,1.203,-0.129,1.837,0.909,0.66,0,NA,9.347153789937213,Hungary_15,1,Hungary_15,1,Hungary_15,1,1,HUN_2006_2024,0.22299999999999998,NA,NA
HUN,2013,0,0,0,0.477380447,69.953,11705.009252356424,0.728,0.716,1.025,-0.228,1.388,0.892,0.694,0,NA,9.367772170386589,Hungary_15,1,Hungary_15,1,Hungary_15,1,1,HUN_2006_2024,0.272,NA,NA
HUN,2014,0,0,0,0.549291222,70.227,12233.299367171994,0.667,0.71,1.702,0.232,1.966,0.891,0.698,0,NA,9.411916968845247,Hungary_15,1,Hungary_15,1,Hungary_15,1,1,HUN_2006_2024,0.33299999999999996,NA,NA
HUN,2015,0,0,0,0.607278912,70.5,12717.038597002029,0.616,0.71,0.715,-0,1.227,0.878,0.698,0,NA,9.450697995087465,Hungary_15,1,Hungary_15,1,Hungary_15,1,1,HUN_2006_2024,0.384,NA,NA
HUN,2016,0,0,0,0.588323375,70.779,13035.352859090895,0.607,0.701,0.714,-0,1.762,0.879,0.708,0,NA,9.475420396127097,Hungary_15,1,Hungary_15,1,Hungary_15,1,1,HUN_2006_2024,0.393,NA,NA
HUN,2017,1,1,0,0.564987658,71.062,13628.4044885706,0.559,0.716,1.024,0.088,2.006,0.856,0.708,0,NA,9.519911459039733,Hungary_15,1,Hungary_15,1,Hungary_15,1,1,HUN_2006_2024,0.44099999999999995,NA,NA
IDN,2007,0,0,0,-0.587519537,47.535,2377.2549929708084,0.709,0.435,1.264,0.735,0.809,0.773,0.604,0,NA,7.773701736731075,Indonesia_7,1,Indonesia_7,1,Indonesia_7,1,0,NA,0.29100000000000004,0.3479570836796768,0.02365181685944643
IDN,2008,0,0,0,-0.587227953,48.335,2487.611296607031,0.711,0.435,1.264,0.735,0.809,0.774,0.608,0,NA,7.819078210386424,Indonesia_7,1,Indonesia_7,1,Indonesia_7,1,0,IDN_2009_2024,0.28900000000000003,0.3418678051960616,0.03612415610402715
IDN,2009,0,0,0,-0.590030581,49.134,2569.874212612784,0.69,0.435,1.264,0.735,0.809,0.782,0.612,0,NA,7.8516122321827995,Indonesia_7,1,Indonesia_7,1,Indonesia_7,1,1,IDN_2009_2024,0.31000000000000005,0.3529438380970191,0.022767655632559444
IDN,2010,0,0,0,-0.570347339,49.914,2695.8681700721445,0.688,0.457,1.264,0.735,0.809,0.792,0.607,0,NA,7.899475572495442,Indonesia_7,1,Indonesia_7,1,Indonesia_7,1,1,IDN_2009_2024,0.31200000000000006,0.33651669505664855,0.029336491515053274
IDN,2011,0,0,0,-0.768590923,50.595,2826.480440723476,0.688,0.457,1.264,0.735,0.809,0.794,0.61,0,NA,7.946787556128012,Indonesia_7,1,Indonesia_7,1,Indonesia_7,1,1,IDN_2009_2024,0.31200000000000006,NA,NA
IDN,2012,0,0,0,-0.826138175,51.276,2959.514478166795,0.689,0.457,1.264,0.735,0.809,0.789,0.614,0,NA,7.9927805062177475,Indonesia_7,1,Indonesia_7,1,Indonesia_7,1,1,IDN_2009_2024,0.31100000000000005,NA,NA
IDN,2013,0,0,0,-0.905615218,51.955,3086.323116952238,0.678,0.47,1.264,0.735,0.809,0.782,0.625,0,NA,8.034735731574298,Indonesia_7,1,Indonesia_7,1,Indonesia_7,1,1,IDN_2009_2024,0.32199999999999995,NA,NA
IND,2012,1,0,1,-1.110215134,31.634,1337.4761107382628,0.66,0.27,0.847,0.568,-1.682,0.731,0.566,0,NA,7.198539617480379,India_19,1,India_19,1,India_19,1,1,IND_2000_2024,0.33999999999999997,NA,NA
IND,2013,1,0,1,-1.277965585,32.003,1404.545346470648,0.658,0.28,0.728,0.568,-1.625,0.749,0.566,0,NA,7.247468932581054,India_19,1,India_19,1,India_19,1,1,IND_2000_2024,0.34199999999999997,NA,NA
IND,2014,1,0,1,-1.382543036,32.384,1490.0285076296348,0.622,0.275,0.773,0.784,-1.228,0.725,0.554,0,NA,7.306550531393817,India_19,1,India_19,1,India_19,1,1,IND_2000_2024,0.378,NA,NA
IND,2015,1,0,1,-1.479550746,32.777,1590.174331342972,0.546,0.274,0.28,0.782,-1.228,0.673,0.619,0,NA,7.371598931558064,India_19,1,India_19,1,India_19,1,1,IND_2000_2024,0.45399999999999996,NA,NA
IND,2016,1,1,1,-1.577492571,33.182,1701.1842376470752,0.526,0.29,0.439,0.866,-1.169,0.64,0.619,0,NA,7.43907989790455,India_19,1,India_19,1,India_19,1,1,IND_2000_2024,0.474,NA,NA
IND,2017,1,1,1,-1.679094167,33.6,1795.9118496796978,0.481,0.293,0.485,0.793,-1.169,0.623,0.619,0,NA,7.493268166187509,India_19,1,India_19,1,India_19,1,1,IND_2000_2024,0.519,NA,NA
IRQ,2009,1,1,1,-0.274684497,68.98,3739.4554455080624,0.431,0.437,1.297,1.138,0.536,0.493,0.796,1,6.722,8.226695277002129,Iraq_11,1,Iraq_11,0,Iraq_11,0,0,NA,0.569,0.278191079506572,0.025017451842903653
IRQ,2010,1,0,1,-0.23270522,69.103,3854.688356260855,0.421,0.458,1.868,1.77,0.504,0.485,0.801,1,6.78,8.257045441292712,Iraq_11,1,Iraq_11,0,Iraq_11,0,0,NA,0.579,0.26911614674532414,0
IRQ,2011,1,1,1,-0.196223436,69.268,4003.0525990581727,0.415,0.458,2.643,2.845,0.682,0.485,0.801,1,NA,8.294812498815856,Iraq_11,1,Iraq_11,0,Iraq_11,0,0,NA,0.585,NA,NA
IRQ,2012,1,1,1,-0.244204641,69.432,4360.745624246182,0.414,0.432,2.19,2.156,0.505,0.482,0.801,1,NA,8.38039833645709,Iraq_11,1,Iraq_11,0,Iraq_11,0,0,NA,0.5860000000000001,NA,NA
KOR,2008,0,0,0,0.141652607,81.733,23887.0595538423,0.77,0.96,1.567,0.991,-0.365,0.897,0.215,0,12.824,10.081092150025523,South Korea_17,1,South Korea_17,1,South Korea_17,1,1,KOR_2008_2013,0.22999999999999998,0.4474048588404927,0.023019581799176552
KOR,2009,0,0,0,0.136838297,81.835,23952.813219106883,0.768,0.96,0.773,0.581,-0.365,0.896,0.215,0,12.912,10.083841058116572,South Korea_17,1,South Korea_17,1,South Korea_17,1,1,KOR_2008_2013,0.23199999999999998,0.45378891229417323,0.011659180572999034
KOR,2010,0,0,0,0.137425442,81.936,25455.61748436576,0.769,0.96,0.689,0.397,-0.365,0.897,0.215,0,13,10.144691723923412,South Korea_17,1,South Korea_17,1,South Korea_17,1,1,KOR_2008_2013,0.23099999999999998,0.43595613340369216,0
KOR,2011,0,0,0,0.320401356,81.923,26191.64426154209,0.769,0.96,0.689,0.613,-0.365,0.897,0.215,0,NA,10.173195717567783,South Korea_17,1,South Korea_17,1,South Korea_17,1,1,KOR_2008_2013,0.23099999999999998,NA,NA
KOR,2012,0,0,0,0.345224675,81.851,26680.275444870527,0.756,0.96,0.87,0.399,-0.365,0.897,0.278,0,NA,10.191679823996902,South Korea_17,1,South Korea_17,1,South Korea_17,1,1,KOR_2008_2013,0.244,NA,NA
KOR,2013,0,0,0,0.356937785,81.779,27399.6159477521,0.718,0.962,0.349,0.309,-0.214,0.886,0.336,0,NA,10.218284275772533,South Korea_17,1,South Korea_17,1,South Korea_17,1,1,KOR_2008_2013,0.28200000000000003,NA,NA
KOR,2014,0,0,0,0.381179375,81.707,28100.0102759544,0.71,0.962,0.665,0.404,-0.214,0.881,0.336,0,NA,10.243525221014098,South Korea_17,1,South Korea_17,1,South Korea_17,1,0,NA,0.29000000000000004,NA,NA
KOR,2015,1,1,0,0.408611471,81.634,28737.439170649883,0.714,0.962,0.665,0.496,-0.214,0.886,0.385,0,NA,10.2659560523454,South Korea_17,1,South Korea_17,1,South Korea_17,1,0,NA,0.28600000000000003,NA,NA
KOR,2016,1,1,0,0.49084766,81.562,29467.12434255605,0.729,0.962,2.644,2.906,0.857,0.886,0.385,0,NA,10.291030491824202,South Korea_17,1,South Korea_17,1,South Korea_17,1,0,NA,0.271,NA,NA
KWT,1986,0,0,0,NA,97.917,19085.21242547823,0.089,0.865,-0.441,-1.338,-1.393,0.548,0.554,1,NA,9.8566690956114,Kuwait_5,1,Kuwait_5,1,Kuwait_5,1,1,KWT_1986_1986,0.911,NA,NA
LBR,1980,0,0,0,NA,35.167,2787.823298105565,0.123,0.215,1.219,0.746,1.277,0.286,0.87,1,2.155,7.933016390426216,Liberia_7,1,Liberia_7,1,Liberia_7,1,1,LBR_1980_1981,0.877,NA,NA
LBR,1981,0,0,0,NA,36.163,2649.3819295904023,0.092,0.21,1.219,0.746,1.277,0.247,0.87,1,2.232,7.882081657660132,Liberia_7,1,Liberia_7,1,Liberia_7,1,1,LBR_1980_1981,0.908,NA,NA
LBR,2000,1,0,1,NA,44.331,763.4268725287566,0.342,0.132,0.092,-0.849,0.43,0.325,0.863,1,3.485,6.637817340803396,Liberia_11,1,Liberia_11,1,Liberia_11,1,0,NA,0.6579999999999999,NA,NA
LBR,2001,1,0,1,NA,44.673,762.946664857397,0.341,0.132,0.092,-0.849,0.43,0.324,0.863,1,3.694,6.637188126950507,Liberia_11,1,Liberia_11,1,Liberia_11,1,0,NA,0.659,NA,NA
LBR,2002,1,0,1,NA,45.017,771.2349664331675,0.341,0.132,0.092,-0.849,0.43,0.314,0.863,1,3.903,6.6479930825604665,Liberia_11,1,Liberia_11,1,Liberia_11,1,0,LBR_2003_2004,0.659,NA,NA
LBR,2003,1,0,1,NA,45.361,534.4539526808895,0.306,0.132,0.092,-0.484,0.43,0.344,0.863,1,4.112,6.281245576484335,Liberia_11,1,Liberia_11,1,Liberia_11,1,1,LBR_2003_2004,0.694,NA,NA
LBR,2004,0,0,0,NA,45.706,541.9086735908685,0.24,0.15,-0.962,-0.858,0.298,0.775,0.784,1,4.321,6.2950974883322734,Liberia_11,1,Liberia_11,1,Liberia_11,1,1,LBR_2003_2004,0.76,NA,NA
LBY,2014,1,0,1,-1.110018606,79.009,8057.299539815968,0.28,0.301,2.225,1.665,1.231,0.39,0.664,1,NA,8.994333734672818,Libya_5,1,Libya_5,1,Libya_5,1,1,LBY_2014_2024,0.72,NA,NA
LBY,2015,1,0,1,-1.110481939,79.27,7867.51493141091,0.284,0.37,2.135,1.404,1.267,0.381,0.62,1,NA,8.970497526796425,Libya_5,1,Libya_5,1,Libya_5,1,1,LBY_2014_2024,0.716,NA,NA
LBY,2016,1,0,1,-1.103697396,79.54,7639.231896426527,0.284,0.37,2.135,1.404,1.18,0.379,0.679,1,NA,8.941052339989424,Libya_5,1,Libya_5,1,Libya_5,1,1,LBY_2014_2024,0.716,NA,NA
LBY,2017,1,0,1,-1.113853814,79.817,9968.91507857088,0.273,0.332,2.135,1.404,1.326,0.336,0.587,1,NA,9.207227038436002,Libya_5,1,Libya_5,1,Libya_5,1,1,LBY_2014_2024,0.727,NA,NA
LKA,2005,1,0,1,-0.09352121,18.303,2332.652317903205,0.432,0.714,-0.052,-0.053,-1.079,0.547,0.649,0,7.181,7.754761233013056,Sri Lanka_15,1,Sri Lanka_15,1,Sri Lanka_15,1,1,LKA_2004_2006,0.5680000000000001,NA,NA
LKA,2006,1,0,1,0.045219606,18.288,2486.647621748515,0.378,0.748,-0.052,-0.053,-1.079,0.511,0.649,0,7.229,7.818690745686098,Sri Lanka_15,1,Sri Lanka_15,1,Sri Lanka_15,1,1,LKA_2004_2006,0.622,NA,NA
LKA,2007,1,0,1,0.182410586,18.272,2628.1568031565016,0.373,0.748,-0.052,-0.053,-1.079,0.459,0.649,0,7.277,7.874038044170236,Sri Lanka_15,1,Sri Lanka_15,1,Sri Lanka_15,1,0,NA,0.627,NA,NA
LSO,1995,0,0,0,NA,16.955,647.5183772543699,0.315,0.72,0.973,1.138,1.743,0.746,0.328,1,4.861,6.473147175030966,Lesotho_3,1,Lesotho_3,1,Lesotho_3,1,1,LSO_1994_1995,0.685,NA,NA
LSO,1996,0,0,0,NA,17.571,676.4091986917355,0.315,0.72,0.973,1.138,1.743,0.746,0.328,1,4.955,6.516798216417073,Lesotho_3,1,Lesotho_3,1,Lesotho_3,1,0,NA,0.685,NA,NA
LSO,1997,1,1,0,NA,18.049,695.2443664344739,0.315,0.72,0.973,1.138,2.223,0.746,0.328,1,5.048,6.544263390146292,Lesotho_3,1,Lesotho_3,1,Lesotho_3,1,0,NA,0.685,NA,NA
LSO,2015,0,0,0,-0.421343949,26.908,1113.8368345361157,0.597,0.782,0.525,0.687,1.381,0.708,0.481,0,NA,7.015565941659295,Lesotho_11,1,Lesotho_11,1,Lesotho_11,1,1,LSO_2015_2017,0.403,NA,NA
LSO,2016,0,0,0,-0.428884216,27.317,1140.3878736209658,0.582,0.782,0.525,0.687,1.381,0.676,0.459,0,NA,7.039123723538423,Lesotho_11,1,Lesotho_11,1,Lesotho_11,1,1,LSO_2015_2017,0.41800000000000004,NA,NA
LSO,2017,0,0,0,-0.43387357,27.73,1090.990303003501,0.506,0.779,0.525,0.687,1.381,0.699,0.339,0,NA,6.994841097620794,Lesotho_11,1,Lesotho_11,1,Lesotho_11,1,1,LSO_2015_2017,0.494,NA,NA
MDA,2000,0,0,0,-1.281073713,44.589,1346.9156717656128,0.575,0.743,0.334,-0.123,-1.423,0.76,0.56,0,9.662,7.20557256997075,Moldova_3,1,Moldova_3,1,Moldova_3,1,0,MDA_2001_2006,0.42500000000000004,0.386472207704865,0.014549837548977231
MDA,2001,0,0,0,-1.401244941,44.189,1432.276892823399,0.505,0.755,-1.314,-0.548,-2.158,0.724,0.721,0,9.695,7.267020689738975,Moldova_3,1,Moldova_3,1,Moldova_3,1,1,MDA_2001_2006,0.495,0.38464045389815793,0.03511025110039922
MDA,2002,0,0,0,-1.529898693,43.789,1547.5742123161233,0.499,0.755,0.394,0.517,-1.842,0.729,0.787,0,9.727,7.344443959671325,Moldova_3,1,Moldova_3,1,Moldova_3,1,1,MDA_2001_2006,0.501,0.3854483329306407,0
MDA,2003,0,0,0,-1.431250041,43.389,1654.366293031951,0.499,0.699,-0.408,-0.163,-1.842,0.729,0.787,0,9.759,7.411173309972096,Moldova_3,1,Moldova_3,1,Moldova_3,1,1,MDA_2001_2006,0.501,0.381197637657492,0.01686599470393629
MDA,2004,0,0,0,-1.330961216,42.99,1781.1914532372407,0.503,0.744,-0.797,-0.163,-1.842,0.729,0.787,0,9.792,7.4850377751187445,Moldova_3,1,Moldova_3,1,Moldova_3,1,1,MDA_2001_2006,0.497,0.37468744664475745,0.028233442205465926
MDA,2005,0,0,0,-1.232456105,42.775,1919.445507637476,0.444,0.748,0.01,0.373,-1.842,0.731,0.787,0,9.824,7.559791625206143,Moldova_3,1,Moldova_3,1,Moldova_3,1,1,MDA_2001_2006,0.556,0.376615188396064,0.021665756395212277
MDA,2006,0,0,0,-1.145744195,42.744,2017.177300629081,0.433,0.748,-0.28,0.049,-1.842,0.728,0.777,0,9.856,7.609454437228826,Moldova_3,1,Moldova_3,1,Moldova_3,1,1,MDA_2001_2006,0.567,0.4074816245104255,0
MDA,2013,0,0,0,-1.416585273,42.527,2605.850299861424,0.626,0.771,-0.283,0.486,-1.314,0.835,0.65,0,NA,7.86551431162245,Moldova_7,1,Moldova_7,1,Moldova_7,1,1,MDA_2013_2017,0.374,NA,NA
MDA,2014,0,0,0,-1.412446806,42.496,2737.801850566472,0.617,0.762,0.111,0.461,-1.888,0.806,0.65,0,NA,7.914910633093125,Moldova_7,1,Moldova_7,1,Moldova_7,1,1,MDA_2013_2017,0.383,NA,NA
MDA,2015,1,1,0,-1.416112611,42.49,2749.55137054338,0.566,0.758,1.262,1.318,-1.888,0.815,0.81,0,NA,7.9191930393679435,Moldova_7,1,Moldova_7,1,Moldova_7,1,1,MDA_2013_2017,0.43400000000000005,NA,NA
MDA,2016,1,1,0,-1.415592555,42.511,2910.954868723758,0.525,0.751,1.118,1.414,-0.764,0.805,0.81,0,NA,7.976236439923536,Moldova_7,1,Moldova_7,1,Moldova_7,1,1,MDA_2013_2017,0.475,NA,NA
MDG,1998,0,0,0,NA,26.586,460.98213890130734,0.509,0.181,-2.453,-1.314,-1.746,0.701,0.707,0,3.6,6.13335929799728,Madagascar_9,1,Madagascar_9,1,Madagascar_9,1,1,MDG_1997_2002,0.491,NA,NA
MDG,1999,0,0,0,NA,26.853,467.9191931888432,0.508,0.181,-2.453,-1.314,-1.746,0.7,0.707,0,3.67,6.148295616883077,Madagascar_9,1,Madagascar_9,1,Madagascar_9,1,1,MDG_1997_2002,0.492,NA,NA
MDG,2000,0,0,0,NA,27.121,474.139021914094,0.503,0.181,-2.453,-1.652,-1.549,0.707,0.707,0,3.74,6.161500573869867,Madagascar_9,1,Madagascar_9,1,Madagascar_9,1,1,MDG_1997_2002,0.497,NA,NA
MDG,2001,0,0,0,NA,27.391,487.6611025235167,0.498,0.181,1.352,2.369,-1.129,0.703,0.707,0,3.779,6.18962070256071,Madagascar_9,1,Madagascar_9,1,Madagascar_9,1,1,MDG_1997_2002,0.502,NA,NA
MDG,2002,1,1,0,NA,27.663,414.6873364426664,0.427,0.182,3.021,3.021,-0.555,0.614,0.507,0,3.818,6.027524830115396,Madagascar_9,1,Madagascar_9,1,Madagascar_9,1,1,MDG_1997_2002,0.573,NA,NA
MDG,2008,0,0,0,-0.777666492,30.67,500.7824726348903,0.497,0.186,-0.639,-0.592,-2.175,0.754,0.507,0,4.052,6.216171820441171,Madagascar_11,1,Madagascar_11,1,Madagascar_11,1,0,MDG_2009_2010,0.503,NA,NA
MDG,2009,1,1,0,-0.864501317,31.301,467.115644011521,0.276,0.095,1.939,1.989,-0.625,0.579,0.91,1,4.091,6.146576858729544,Madagascar_11,1,Madagascar_11,1,Madagascar_11,1,1,MDG_2009_2010,0.724,NA,NA
MDG,2010,1,1,0,-0.938749785,31.938,456.7292070788449,0.226,0.11,-0.57,0.504,-0.956,0.59,0.91,1,4.13,6.124090670584982,Madagascar_11,1,Madagascar_11,1,Madagascar_11,1,1,MDG_2009_2010,0.774,NA,NA
MDV,2012,1,1,0,NA,37.267,8888.11483316616,0.537,0.684,2.358,0.877,1.133,0.621,0.577,1,NA,9.092470251259199,Maldives_5,1,Maldives_5,1,Maldives_5,1,1,MDV_2012_2016,0.46299999999999997,NA,NA
MDV,2013,1,1,0,NA,37.685,9194.115577721685,0.45,0.506,2.041,0.653,1.291,0.538,0.633,1,NA,9.126318947281469,Maldives_5,1,Maldives_5,1,Maldives_5,1,1,MDV_2012_2016,0.55,NA,NA
MDV,2014,0,0,0,NA,38.106,9530.588447222504,0.402,0.516,2.041,0.653,1.127,0.543,0.657,1,NA,9.162261741564919,Maldives_5,1,Maldives_5,1,Maldives_5,1,1,MDV_2012_2016,0.598,NA,NA
MDV,2015,1,1,0,NA,38.529,9480.431512618072,0.374,0.461,2.041,0.259,1.127,0.528,0.714,1,NA,9.156985112421802,Maldives_5,1,Maldives_5,1,Maldives_5,1,1,MDV_2012_2016,0.626,NA,NA
MDV,2016,1,1,0,NA,38.954,9688.248278642095,0.362,0.541,2.041,0.259,1.127,0.505,0.714,1,NA,9.1786689123449,Maldives_5,1,Maldives_5,1,Maldives_5,1,1,MDV_2012_2016,0.638,NA,NA
MDV,2017,1,1,0,NA,39.38,9972.37713599052,0.354,0.532,0.746,1.183,1.127,0.482,0.706,1,NA,9.207574263421943,Maldives_5,1,Maldives_5,1,Maldives_5,1,0,NA,0.646,NA,NA
MEX,2006,1,1,0,-0.595494596,76.616,9847.51282216971,0.671,0.316,1.753,2.1,0.42,0.685,0.369,0,8.3,9.194974196917807,Mexico_7,1,Mexico_7,1,Mexico_7,1,0,NA,0.32899999999999996,0.4815511780154713,0.017038355754864877
MEX,2007,0,0,0,-0.739618798,76.92,9920.687841222085,0.637,0.316,0.96,0.771,0.18,0.696,0.369,0,8.345,9.202377536707964,Mexico_7,1,Mexico_7,1,Mexico_7,1,0,NA,0.363,0.4811542111345575,0.020376244974332297
MEX,2008,0,0,0,-0.691249398,77.222,9888.139444764569,0.642,0.316,0.83,1.057,0.296,0.693,0.369,0,8.39,9.199091282021636,Mexico_7,1,Mexico_7,1,Mexico_7,1,0,NA,0.358,0.44927029383961126,0.044221630179803455
MEX,2009,0,0,0,-0.83401326,77.52,9151.769566531828,0.648,0.316,0.951,0.891,0.406,0.695,0.369,0,8.435,9.121702534820496,Mexico_7,1,Mexico_7,1,Mexico_7,1,0,NA,0.352,0.4545563610218149,0.02363155304015511
MEX,2010,0,0,0,-0.781954678,77.815,9480.135308309817,0.661,0.316,0.783,0.683,0.406,0.684,0.369,0,8.48,9.15695386817567,Mexico_7,1,Mexico_7,1,Mexico_7,1,0,NA,0.33899999999999997,0.4647791638682301,0
MEX,2011,0,0,0,-0.878764169,78.111,9667.626646107798,0.66,0.32,1.324,0.574,0.406,0.686,0.369,0,NA,9.176538123587815,Mexico_7,1,Mexico_7,1,Mexico_7,1,0,NA,0.33999999999999997,NA,NA
MEX,2012,0,0,0,-0.719311267,78.405,9872.292522087,0.649,0.32,1.552,1.352,0.504,0.69,0.45,0,NA,9.19748737719796,Mexico_7,1,Mexico_7,1,Mexico_7,1,0,NA,0.351,NA,NA
MEX,2013,0,0,0,-0.821310998,78.699,9826.132388590651,0.623,0.318,1.303,0.68,0.421,0.681,0.655,0,NA,9.192800685932218,Mexico_7,1,Mexico_7,1,Mexico_7,1,0,NA,0.377,NA,NA
MEX,2014,1,1,0,-1.063950267,78.993,9947.88602513395,0.62,0.314,1.283,0.765,0.169,0.674,0.655,0,NA,9.205115347794328,Mexico_7,1,Mexico_7,1,Mexico_7,1,0,NA,0.38,NA,NA
MKD,2000,0,0,0,-0.966851011,58.548,3283.3793409535137,0.46,0.806,0.23,0.208,-0.919,0.738,0.639,0,NA,8.096628457873003,Macedonia_1,1,Macedonia_1,0,Macedonia_1,0,1,MKD_2000_2001,0.54,0.3946555829126641,0.03397255691739258
MKD,2001,1,0,1,-0.964129853,58.339,3169.3251436893106,0.449,0.806,0.827,0.276,-0.713,0.689,0.639,0,NA,8.061273955781283,Macedonia_1,1,Macedonia_1,0,Macedonia_1,0,1,MKD_2000_2001,0.5509999999999999,0.4090402266854364,0
MKD,2008,0,0,0,-0.807046552,57.175,4392.550716415098,0.552,0.809,0.015,0.48,-1.408,0.815,0.725,0,NA,8.387665366133492,Macedonia_5,1,Macedonia_5,1,Macedonia_5,1,1,MKD_2005_2012,0.44799999999999995,0.4392904910067338,0.014250364965683202
MKD,2009,0,0,0,-0.807858507,57.117,4405.200457508667,0.532,0.772,0.104,0.637,-1.408,0.814,0.71,0,NA,8.390541044147286,Macedonia_5,1,Macedonia_5,1,Macedonia_5,1,1,MKD_2005_2012,0.46799999999999997,0.43215943267072626,0.011477994859077485
MKD,2010,0,0,0,-0.808841144,57.089,4582.36517512347,0.528,0.774,-0.256,0.641,-1.408,0.819,0.728,0,NA,8.429970557594938,Macedonia_5,1,Macedonia_5,1,Macedonia_5,1,1,MKD_2005_2012,0.472,0.4248622144616319,0.0439835389426267
MKD,2011,0,0,0,-0.803128725,57.092,4711.130278700812,0.48,0.774,0.324,0.904,-1.703,0.8,0.793,0,NA,8.457683132467707,Macedonia_5,1,Macedonia_5,1,Macedonia_5,1,1,MKD_2005_2012,0.52,NA,NA
MKD,2012,0,0,0,-0.808895873,57.125,4708.051685359227,0.455,0.774,0.167,0.904,-1.703,0.761,0.793,0,NA,8.457029446518554,Macedonia_5,1,Macedonia_5,1,Macedonia_5,1,1,MKD_2005_2012,0.5449999999999999,NA,NA
MKD,2013,0,0,0,-0.809724959,57.189,4863.680886669677,0.447,0.739,0.517,0.904,-1.703,0.735,0.793,0,NA,8.48955081431236,Macedonia_5,1,Macedonia_5,1,Macedonia_5,1,0,NA,0.5529999999999999,NA,NA
MKD,2014,0,0,0,-0.800039366,57.284,5053.750012363666,0.447,0.74,0.761,1.559,-1.221,0.734,0.793,0,NA,8.527885823401414,Macedonia_5,1,Macedonia_5,1,Macedonia_5,1,0,NA,0.5529999999999999,NA,NA
MLI,2007,0,0,0,-0.709757228,33.612,676.0800317733559,0.611,0.23,1.598,-0.217,-0.554,0.832,0.846,0,1.411,6.51631145923267,Mali_5,1,Mali_5,1,Mali_5,1,1,MLI_2007_2013,0.389,NA,NA
MLI,2008,0,0,0,-0.575047822,34.403,685.4606705643431,0.601,0.23,1.131,-0.217,-0.554,0.831,0.846,0,1.444,6.530091124000282,Mali_5,1,Mali_5,1,Mali_5,1,1,MLI_2007_2013,0.399,NA,NA
MLI,2009,0,0,0,-0.571123792,35.2,695.39448652741,0.603,0.23,1.131,-0.217,-0.554,0.832,0.846,0,1.477,6.544479291051404,Mali_5,1,Mali_5,1,Mali_5,1,1,MLI_2007_2013,0.397,NA,NA
MLI,2010,0,0,0,-0.551730016,35.999,708.9304739407845,0.602,0.23,1.131,0.015,-0.554,0.839,0.846,0,1.51,6.563757459580963,Mali_5,1,Mali_5,1,Mali_5,1,1,MLI_2007_2013,0.398,NA,NA
MLI,2011,0,0,0,-0.549123168,36.799,708.4186724799583,0.604,0.23,1.131,0.015,-0.554,0.839,0.846,0,NA,6.563035264228656,Mali_5,1,Mali_5,1,Mali_5,1,1,MLI_2007_2013,0.396,NA,NA
MLI,2012,1,0,1,-0.533614676,37.599,682.2878441881711,0.353,0.23,1.933,1.168,1.553,0.825,0.846,1,NA,6.525451627728583,Mali_5,1,Mali_5,1,Mali_5,1,1,MLI_2007_2013,0.647,NA,NA
MLI,2013,1,0,1,-0.327932619,38.398,677.861141016751,0.326,0.199,2.025,0.287,-0.16,0.794,0.773,1,NA,6.518942460204673,Mali_5,1,Mali_5,1,Mali_5,1,1,MLI_2007_2013,0.6739999999999999,NA,NA
MWI,1999,0,0,0,0.25594422,14.522,424.94038373368784,0.507,0.271,-1.231,0.21,-1.012,0.608,0.77,0,3.92,6.051948885517366,Malawi_5,1,Malawi_5,1,Malawi_5,1,1,MWI_1999_2005,0.493,NA,NA
MWI,2000,0,0,0,0.141208699,14.61,421.81945819697467,0.475,0.271,-1.231,0.21,-1.012,0.62,0.77,0,4.014,6.044577398315353,Malawi_5,1,Malawi_5,1,Malawi_5,1,1,MWI_1999_2005,0.525,NA,NA
MWI,2001,0,0,0,0.025890209,14.698,391.4420734442423,0.475,0.271,-1.231,0.21,-1.012,0.658,0.77,0,4.09,5.969837543932511,Malawi_5,1,Malawi_5,1,Malawi_5,1,1,MWI_1999_2005,0.525,NA,NA
MWI,2002,0,0,0,-0.077191112,14.786,388.4459245634947,0.475,0.271,-1.231,0.21,-1.012,0.655,0.77,0,4.165,5.962153969807076,Malawi_5,1,Malawi_5,1,Malawi_5,1,1,MWI_1999_2005,0.525,NA,NA
MWI,2003,0,0,0,-0.213275917,14.875,400.3009493721153,0.475,0.271,-1.231,0.21,-1.012,0.655,0.77,0,4.241,5.992216637647266,Malawi_5,1,Malawi_5,1,Malawi_5,1,1,MWI_1999_2005,0.525,NA,NA
MWI,2004,0,0,0,-0.528979389,14.964,411.00407953462206,0.458,0.271,-1.149,0.21,-1.012,0.685,0.77,0,4.316,6.018603140321966,Malawi_5,1,Malawi_5,1,Malawi_5,1,1,MWI_1999_2005,0.542,NA,NA
MWI,2005,0,0,0,-0.843552095,15.054,412.9820434198334,0.446,0.268,-1.328,0.21,-1.012,0.728,0.757,0,4.392,6.023404113613479,Malawi_5,1,Malawi_5,1,Malawi_5,1,1,MWI_1999_2005,0.554,NA,NA
NER,1996,0,0,0,NA,15.855,404.8044653183932,0.291,0.388,-0.261,0.489,0.726,0.669,0.626,1,0.922,6.0034041488373004,Niger_9,1,Niger_9,1,Niger_9,1,1,NER_1996_1996,0.7090000000000001,NA,NA
NER,1998,0,0,0,NA,16.02,422.6201057516239,0.386,0.388,-0.758,0.292,0.726,0.659,0.617,1,0.976,6.046473680367381,Niger_11,1,Niger_11,1,Niger_11,1,0,NER_1999_1999,0.614,NA,NA
NER,1999,0,0,0,NA,16.103,407.554434017867,0.255,0.388,-0.562,-0.137,0.988,0.63,0.617,0,1.003,6.0101745041717924,Niger_11,1,Niger_11,1,Niger_11,1,1,NER_1999_1999,0.745,NA,NA
NER,2009,0,0,0,NA,16.225,419.17324878655256,0.42,0.367,0.482,0.539,2.266,0.74,0.617,1,1.282,6.038284316052999,Niger_15,1,Niger_15,1,Niger_15,1,1,NER_2009_2010,0.5800000000000001,NA,NA
NER,2010,0,0,0,NA,16.221,438.46388274388187,0.264,0.399,0.285,0.344,0.83,0.815,0.56,1,1.31,6.083277442955665,Niger_15,1,Niger_15,1,Niger_15,1,1,NER_2009_2010,0.736,NA,NA
NER,2013,0,0,0,-0.146619024,16.208,466.3336759876103,0.625,0.293,0.191,0.344,0.502,0.821,0.555,0,NA,6.144901420781112,Niger_17,1,Niger_17,1,Niger_17,1,0,NA,0.375,NA,NA
NER,2014,0,0,0,0.041009939,16.219,478.8551538624138,0.625,0.293,-0.054,0.344,0.502,0.813,0.555,0,NA,6.171398158909423,Niger_17,1,Niger_17,1,Niger_17,1,0,NA,0.375,NA,NA
NER,2015,0,0,0,0.229652346,16.247,481.1113011050023,0.618,0.293,0.183,0.344,0.502,0.806,0.555,0,NA,6.176098638566709,Niger_17,1,Niger_17,1,Niger_17,1,0,NER_2016_2024,0.382,NA,NA
NER,2016,0,0,0,0.224194414,16.29,489.4338123235405,0.569,0.303,0.463,0.344,0.831,0.822,0.555,1,NA,6.193249237963125,Niger_17,1,Niger_17,1,Niger_17,1,1,NER_2016_2024,0.43100000000000005,NA,NA
NER,2017,0,0,0,0.226055548,16.35,494.6354942769389,0.545,0.287,0.463,0.344,0.49,0.811,0.593,1,NA,6.203821116113198,Niger_17,1,Niger_17,1,Niger_17,1,1,NER_2016_2024,0.45499999999999996,NA,NA
NGA,1983,1,0,1,NA,24.122,1459.7376829484892,0.312,0.188,0.083,0.682,0.724,0.626,0.891,1,1.845,7.286012029346572,Nigeria_5,1,Nigeria_5,1,Nigeria_5,1,1,NGA_1983_1984,0.688,0.2985621563113602,0.03620898754743035
NGA,1984,1,0,1,NA,24.872,1408.2086538761685,0.187,0.188,-0.124,0.651,1.143,0.459,0.891,1,1.97,7.250073717412102,Nigeria_5,1,Nigeria_5,1,Nigeria_5,1,1,NGA_1983_1984,0.813,0.25810774359910993,0.02774131850452434
NIC,2006,0,0,0,-0.667259126,56.132,1611.3786499148548,0.56,0.341,-0.893,-0.871,-0.875,0.817,0.607,0,6.81,7.384845395854089,Nicaragua_19,1,Nicaragua_19,1,Nicaragua_19,1,1,NIC_2006_2024,0.43999999999999995,NA,NA
NIC,2007,0,0,0,-0.367399395,56.328,1669.7253033489264,0.457,0.33,-1.31,-0.862,-1.135,0.751,0.802,0,6.87,7.4204144028683805,Nicaragua_19,1,Nicaragua_19,1,Nicaragua_19,1,1,NIC_2006_2024,0.5429999999999999,NA,NA
NIC,2008,0,0,0,-0.338995667,56.525,1702.6962985544772,0.445,0.331,-1.31,-0.862,-1.135,0.742,0.809,0,6.93,7.439968331555954,Nicaragua_19,1,Nicaragua_19,1,Nicaragua_19,1,1,NIC_2006_2024,0.5549999999999999,NA,NA
NIC,2010,0,0,0,-0.170046465,56.917,1669.944717732556,0.436,0.327,-0.694,-0.785,-0.752,0.725,0.83,0,7.05,7.420545801708721,Nicaragua_21,1,Nicaragua_21,1,Nicaragua_21,1,1,NIC_2006_2024,0.5640000000000001,NA,NA
NIC,2011,0,0,0,-0.192043208,57.113,1749.5043651820886,0.427,0.315,-0.694,-0.785,-0.752,0.715,0.83,0,NA,7.467087806907282,Nicaragua_21,1,Nicaragua_21,1,Nicaragua_21,1,1,NIC_2006_2024,0.573,NA,NA
NIC,2012,0,0,0,0.00190291,57.309,1835.947583778653,0.369,0.322,-0.694,-0.785,-0.752,0.711,0.83,0,NA,7.515316021632734,Nicaragua_21,1,Nicaragua_21,1,Nicaragua_21,1,1,NIC_2006_2024,0.631,NA,NA
NIC,2013,0,0,0,-0.165316219,57.505,1898.4429328072515,0.323,0.331,-0.253,-0.785,-0.752,0.693,0.854,0,NA,7.548789320124604,Nicaragua_21,1,Nicaragua_21,1,Nicaragua_21,1,1,NIC_2006_2024,0.677,NA,NA
NIC,2014,0,0,0,-0.302489534,57.7,1960.688178037832,0.321,0.331,-0.253,-0.785,-0.752,0.689,0.863,0,NA,7.581050801843227,Nicaragua_21,1,Nicaragua_21,1,Nicaragua_21,1,1,NIC_2006_2024,0.679,NA,NA
NIC,2015,0,0,0,-0.399471482,57.895,2025.3247759757523,0.321,0.331,-0.457,-0.785,-0.752,0.686,0.863,0,NA,7.613485349878532,Nicaragua_21,1,Nicaragua_21,1,Nicaragua_21,1,1,NIC_2006_2024,0.679,NA,NA
NIC,2016,0,0,0,-0.496023275,58.09,2087.696863555584,0.309,0.337,-0.36,-0.785,-0.752,0.68,0.863,1,NA,7.643816758173379,Nicaragua_21,1,Nicaragua_21,1,Nicaragua_21,1,1,NIC_2006_2024,0.6910000000000001,NA,NA
NIC,2017,0,0,0,-0.613065922,58.299,2153.612731500831,0.283,0.289,-0.583,-0.785,-0.752,0.593,0.863,1,NA,7.674902051162518,Nicaragua_21,1,Nicaragua_21,1,Nicaragua_21,1,1,NIC_2006_2024,0.7170000000000001,NA,NA
NPL,1997,0,0,0,NA,11.834,505.77440599472885,0.395,0.365,1.326,1.648,-0.576,0.645,0.706,0,2.716,6.226090731917093,Nepal_3,1,Nepal_3,1,Nepal_3,1,0,NA,0.605,NA,NA
NPL,1998,0,0,0,NA,12.336,511.05296720162886,0.394,0.365,1.326,1.648,-0.576,0.645,0.706,0,2.872,6.236473238846927,Nepal_3,1,Nepal_3,1,Nepal_3,1,0,NA,0.606,NA,NA
NPL,1999,0,0,0,NA,12.857,523.8826082111018,0.385,0.365,1.326,1.648,-0.576,0.645,0.706,0,3.028,6.2612676290910585,Nepal_3,1,Nepal_3,1,Nepal_3,1,0,NPL_2000_2003,0.615,NA,NA
NPL,2000,0,0,0,NA,13.397,546.9316240566565,0.358,0.349,1.326,1.648,-0.576,0.615,0.706,0,3.184,6.304323792884038,Nepal_3,1,Nepal_3,1,Nepal_3,1,1,NPL_2000_2003,0.642,NA,NA
NPL,2001,1,0,1,NA,13.947,564.0754251668933,0.355,0.361,1.042,1.468,-0.576,0.597,0.694,0,3.302,6.3351879751220705,Nepal_3,1,Nepal_3,1,Nepal_3,1,1,NPL_2000_2003,0.645,NA,NA
NPL,2002,1,1,1,NA,14.24,556.3682302675488,0.272,0.323,1.042,1.277,-0.576,0.535,0.694,1,3.421,6.321430359690749,Nepal_3,1,Nepal_3,1,Nepal_3,1,1,NPL_2000_2003,0.728,NA,NA
NPL,2003,1,1,1,NA,14.538,570.4195730440648,0.224,0.323,1.042,1.277,-0.576,0.537,0.694,1,3.539,6.3463721831047355,Nepal_3,1,Nepal_3,1,Nepal_3,1,1,NPL_2000_2003,0.776,NA,NA
NPL,2012,1,1,0,-1.012638154,17.458,781.1038708729168,0.391,0.362,0.881,0.568,-0.858,0.839,0.657,0,NA,6.660708138272795,Nepal_7,1,Nepal_7,1,Nepal_7,1,1,NPL_2012_2013,0.609,NA,NA
NPL,2013,0,0,0,-0.970757911,17.815,807.1369388859075,0.28,0.338,1.378,0.568,-0.858,0.779,0.613,0,NA,6.693493342704548,Nepal_7,1,Nepal_7,1,Nepal_7,1,1,NPL_2012_2013,0.72,NA,NA
PAK,1999,1,0,1,-0.764229465,32.783,1041.5233635087682,0.338,0.111,0.454,-0.341,-0.793,0.506,0.804,1,4.123,6.948439693007047,Pakistan_13,1,Pakistan_13,1,Pakistan_13,1,1,PAK_1999_2000,0.6619999999999999,0.23592747857040736,0.024879166794767083
PAK,2000,0,0,0,-0.622159018,32.982,1053.0043059979191,0.203,0.111,0.464,0.359,-0.586,0.52,0.657,1,4.22,6.959402601392394,Pakistan_13,1,Pakistan_13,1,Pakistan_13,1,1,PAK_1999_2000,0.7969999999999999,0.2721750617010164,0.03492902854591724
PAK,2013,1,0,1,-1.427986536,35.613,1346.28928139308,0.467,0.11,1.573,0.534,-0.93,0.521,0.829,0,NA,7.205107406424179,Pakistan_15,1,Pakistan_15,1,Pakistan_15,1,0,NA,0.5329999999999999,NA,NA
PAK,2014,1,1,1,-1.438412144,35.819,1382.094201700094,0.467,0.12,1.678,1.246,-0.93,0.519,0.821,0,NA,7.231355165318708,Pakistan_15,1,Pakistan_15,1,Pakistan_15,1,0,PAK_2015_2024,0.5329999999999999,NA,NA
PAK,2015,1,0,1,-1.429516718,36.026,1421.8352783008904,0.439,0.11,1.217,0.646,-0.93,0.507,0.825,0,NA,7.259703765609061,Pakistan_15,1,Pakistan_15,1,Pakistan_15,1,1,PAK_2015_2024,0.5609999999999999,NA,NA
PAK,2016,1,0,1,-1.421555126,36.234,1497.1687223404092,0.428,0.114,1.515,0.646,-0.93,0.49,0.825,0,NA,7.311331085042895,Pakistan_15,1,Pakistan_15,1,Pakistan_15,1,1,PAK_2015_2024,0.5720000000000001,NA,NA
PER,1990,1,0,1,NA,68.901,2695.373504239991,0.618,0.265,0.091,-0.641,-0.769,0.588,0.728,1,7.22,7.899292065294903,Peru_19,1,Peru_19,1,Peru_19,1,1,PER_1990_1992,0.382,0.365178806214679,0.023080863318782213
PER,1991,1,0,1,NA,69.3,2697.372827065201,0.604,0.264,0.091,-0.942,-0.769,0.577,0.728,1,7.332,7.900033551281442,Peru_19,1,Peru_19,1,Peru_19,1,1,PER_1990_1992,0.396,0.3897588822754126,0.03960949406315192
PER,1992,1,0,1,NA,69.697,2628.7536263429884,0.25,0.264,0.091,-0.239,-0.407,0.52,0.728,1,7.444,7.874265106509249,Peru_19,1,Peru_19,1,Peru_19,1,1,PER_1990_1992,0.75,0.3808789993260245,0.019151740664515048
PHL,2001,1,1,0,-0.551975561,46.05,1848.01493812054,0.547,0.298,2.291,2.566,-1.548,0.723,0.717,0,7.988,7.52186733556752,Philippines_7,1,Philippines_7,1,Philippines_7,1,1,PHL_2001_2005,0.45299999999999996,0.3643318427779095,0
PHL,2002,0,0,0,-0.379273836,45.965,1877.5616529503116,0.535,0.298,1.333,1.247,-1.548,0.711,0.644,0,8.016,7.537729220888921,Philippines_7,1,Philippines_7,1,Philippines_7,1,1,PHL_2001_2005,0.46499999999999997,0.37725931200618423,0.0358002424444885
PHL,2003,0,0,0,-0.487501447,45.88,1933.6479796641029,0.534,0.298,1.333,1.247,-1.548,0.708,0.644,0,8.044,7.567163642726488,Philippines_7,1,Philippines_7,1,Philippines_7,1,1,PHL_2001_2005,0.46599999999999997,0.3827124828341552,0.02475738471988186
PHL,2004,0,0,0,-0.603206951,45.795,2020.129700255528,0.493,0.298,1.333,1.247,-1.548,0.703,0.784,0,8.072,7.6109169963812935,Philippines_7,1,Philippines_7,1,Philippines_7,1,1,PHL_2001_2005,0.507,0.3631953602539073,0.021507077967940835
PHL,2005,0,0,0,-0.995123115,45.71,2079.331829099413,0.47,0.298,1.333,1.247,-1.548,0.695,0.784,0,8.1,7.639801885078127,Philippines_7,1,Philippines_7,1,Philippines_7,1,1,PHL_2001_2005,0.53,0.3633122939783182,0.026288403439423735
PNG,1987,1,1,0,NA,14.39,2081.4115021886314,0.542,0.204,-1.202,-0.675,-1.508,0.821,0.675,0,NA,7.6408015493673265,Papua New Guinea_3,1,Papua New Guinea_3,1,Papua New Guinea_3,1,0,NA,0.45799999999999996,NA,NA
PNG,1988,1,1,1,NA,14.589,2095.7987210325578,0.538,0.204,-0.704,-0.675,-1.508,0.821,0.675,0,NA,7.647690010788034,Papua New Guinea_3,1,Papua New Guinea_3,1,Papua New Guinea_3,1,0,NA,0.46199999999999997,NA,NA
PNG,1989,1,1,1,NA,14.791,2019.688199131232,0.54,0.204,-0.704,-0.675,-1.508,0.82,0.675,0,NA,7.610698421615277,Papua New Guinea_3,1,Papua New Guinea_3,1,Papua New Guinea_3,1,0,NA,0.45999999999999996,NA,NA
PNG,1990,1,1,1,NA,14.994,1907.73373372294,0.54,0.204,-0.215,-0.675,-1.508,0.82,0.675,0,NA,7.553671289713757,Papua New Guinea_3,1,Papua New Guinea_3,1,Papua New Guinea_3,1,0,NA,0.45999999999999996,NA,NA
PNG,1991,1,1,1,NA,14.816,2023.8718539746008,0.54,0.204,-0.215,-0.675,-1.508,0.82,0.675,0,NA,7.612767715149332,Papua New Guinea_3,1,Papua New Guinea_3,1,Papua New Guinea_3,1,0,NA,0.45999999999999996,NA,NA
PNG,1992,1,1,1,NA,14.629,2223.031378559596,0.525,0.204,-0.215,-0.675,-1.508,0.82,0.675,0,NA,7.7066270292759995,Papua New Guinea_3,1,Papua New Guinea_3,1,Papua New Guinea_3,1,0,NA,0.475,NA,NA
PNG,1993,1,1,1,NA,14.445,2532.8040578337614,0.513,0.204,-0.215,-0.675,-1.508,0.82,0.675,0,NA,7.837082291239236,Papua New Guinea_3,1,Papua New Guinea_3,1,Papua New Guinea_3,1,0,NA,0.487,NA,NA
PNG,2007,1,1,0,NA,13.073,2013.1960422491293,0.495,0.236,-0.658,-1.294,-1.508,0.82,0.675,0,NA,7.6074788089997805,Papua New Guinea_5,1,Papua New Guinea_5,1,Papua New Guinea_5,1,0,NA,0.505,NA,NA
PNG,2008,1,1,0,NA,13.055,1946.2285221030425,0.464,0.236,-0.658,-1.294,-1.508,0.82,0.675,0,NA,7.5736486875590145,Papua New Guinea_5,1,Papua New Guinea_5,1,Papua New Guinea_5,1,0,NA,0.536,NA,NA
PNG,2009,1,1,0,NA,13.037,2016.1846400727716,0.464,0.236,-0.658,-1.294,-1.508,0.82,0.675,0,NA,7.608962212335079,Papua New Guinea_5,1,Papua New Guinea_5,1,Papua New Guinea_5,1,0,NA,0.536,NA,NA
PNG,2010,1,1,0,NA,13.019,2154.6944546436844,0.458,0.212,-0.337,-1.048,-0.615,0.815,0.749,0,NA,7.67540420809741,Papua New Guinea_5,1,Papua New Guinea_5,1,Papua New Guinea_5,1,0,NA,0.542,NA,NA
POL,2012,0,0,0,-0.208423253,60.654,11466.415930000296,0.894,0.924,0.175,-0.723,-1.21,0.957,0.065,0,NA,9.347177687884562,Poland_15,1,Poland_15,1,Poland_15,1,0,NA,0.10599999999999998,NA,NA
POL,2013,0,0,0,-0.101235971,60.529,11571.614848747777,0.891,0.917,0.175,-0.904,-1.21,0.953,0.065,0,NA,9.356310382509621,Poland_15,1,Poland_15,1,Poland_15,1,0,NA,0.10899999999999999,NA,NA
POL,2014,0,0,0,-0.002606329,60.403,12024.609507099389,0.884,0.917,0.175,-0.904,-1.21,0.953,0.095,0,NA,9.3947106210246,Poland_15,1,Poland_15,1,Poland_15,1,0,NA,0.11599999999999999,NA,NA
POL,2015,0,0,0,0.097246769,60.278,12560.051419682037,0.875,0.917,0.901,0.664,-0.759,0.948,0.066,0,NA,9.438276533937538,Poland_15,1,Poland_15,1,Poland_15,1,0,POL_2016_2021,0.125,NA,NA
POL,2016,1,1,0,0.202054002,60.178,12936.57325683867,0.727,0.916,1.936,2.529,0.002,0.886,0.096,0,NA,9.467813715120359,Poland_15,1,Poland_15,1,Poland_15,1,1,POL_2016_2021,0.273,NA,NA
POL,2017,1,1,0,0.295400317,60.105,13599.818019114751,0.697,0.882,2.592,2.529,0.002,0.857,0.096,0,NA,9.517811690687173,Poland_15,1,Poland_15,1,Poland_15,1,1,POL_2016_2021,0.30300000000000005,NA,NA
PSE,2007,1,0,1,NA,NA,NA,0.329,0.675,0.602,0.855,-2.103,0.54,0.515,NA,NA,NA,Palestine/West Bank_1,1,Palestine/West Bank_1,1,Palestine/West Bank_1,1,1,PSE_2006_2008,0.671,NA,NA
PSE,2008,1,0,1,NA,NA,NA,0.251,0.673,0.304,0.855,-2.103,0.542,0.515,NA,NA,NA,Palestine/West Bank_1,1,Palestine/West Bank_1,1,Palestine/West Bank_1,1,1,PSE_2006_2008,0.749,NA,NA
RUS,1996,1,0,1,-1.782128945,73.367,4686.86279296875,0.463,0.693,1.216,-0.098,-1.763,0.713,0.731,0,9.578,8.452518723538327,Russia_9,1,Russia_9,1,Russia_9,1,1,RUS_1993_2012,0.5369999999999999,0.3729380961260717,0.012143795357965951
RUS,1997,1,0,1,-1.798070065,73.363,4760.33935546875,0.458,0.693,0.395,-0.098,-1.763,0.711,0.731,0,9.536,8.468074237849933,Russia_9,1,Russia_9,1,Russia_9,1,1,RUS_1993_2012,0.542,0.3726018839282292,0.0328344380227559
RUS,1998,1,0,1,-1.813498656,73.359,4515.50927734375,0.458,0.693,0.643,-0.098,-1.763,0.711,0.731,0,9.494,8.415273256243886,Russia_9,1,Russia_9,1,Russia_9,1,1,RUS_1993_2012,0.542,0.3900628641370051,0.018521791091538214
RUS,1999,1,0,1,-1.797790236,73.354,4819.38037109375,0.462,0.693,0.021,-0.098,-1.763,0.709,0.731,1,9.452,8.48040064506592,Russia_9,1,Russia_9,1,Russia_9,1,1,RUS_1993_2012,0.538,0.3828948090124343,0
RUS,2000,1,0,1,-1.756957488,73.35,5323.66650390625,0.407,0.686,-0.194,-0.148,-1.201,0.632,0.807,1,9.41,8.579917537415207,Russia_9,1,Russia_9,1,Russia_9,1,1,RUS_1993_2012,0.593,0.37813681287874945,0.030591172694427193
RUS,2001,1,0,1,-1.772567116,73.346,5618.95556640625,0.38,0.686,-0.194,-0.148,-1.201,0.604,0.768,1,9.43,8.633901083340453,Russia_9,1,Russia_9,1,Russia_9,1,1,RUS_1993_2012,0.62,0.37526435483281867,0.02134264084298637
RUS,2002,1,0,1,-1.804081405,73.341,5910.171875,0.351,0.728,-0.194,0.099,-1.201,0.583,0.768,1,9.45,8.684430192041567,Russia_9,1,Russia_9,1,Russia_9,1,1,RUS_1993_2012,0.649,0.38290779422467336,0.018289232376624727
RUS,2003,1,0,1,-1.641061342,73.373,6370.45361328125,0.339,0.728,-0.194,0.099,-0.906,0.559,0.768,1,9.47,8.759425956907013,Russia_9,1,Russia_9,1,Russia_9,1,1,RUS_1993_2012,0.661,0.38197909205962316,0.031340299648248575
RUS,2004,1,0,1,-1.490435753,73.418,6856.67822265625,0.326,0.73,-0.144,0.027,-0.906,0.561,0.639,1,9.49,8.832978379342993,Russia_9,1,Russia_9,1,Russia_9,1,1,RUS_1993_2012,0.6739999999999999,0.36628179995117927,0.045299774897023214
RUS,2005,1,0,1,-1.502360281,73.463,7323.38525390625,0.325,0.737,0.622,-0.076,0.572,0.548,0.639,1,9.51,8.898827966431375,Russia_9,1,Russia_9,1,Russia_9,1,1,RUS_1993_2012,0.675,0.38103926103109104,0.02267626674373939
RUS,2006,1,0,1,-1.481957911,73.508,7949.89697265625,0.323,0.73,0.073,-0.076,0.572,0.543,0.639,1,9.53,8.980914248150096,Russia_9,1,Russia_9,1,Russia_9,1,1,RUS_1993_2012,0.677,0.3682065970086014,0
RUS,2007,1,1,1,-1.558413822,73.553,8640.40625,0.316,0.73,0.568,0.029,0.645,0.533,0.639,1,9.55,9.064204880368637,Russia_9,1,Russia_9,1,Russia_9,1,1,RUS_1993_2012,0.6839999999999999,0.3874597264268274,0.019391450192977326
RUS,2008,1,1,1,-1.42039684,73.598,9093.7001953125,0.305,0.733,0.568,-0.178,0.645,0.542,0.639,1,9.57,9.11533716653478,Russia_9,1,Russia_9,1,Russia_9,1,1,RUS_1993_2012,0.6950000000000001,0.3926203699276838,0.042934332911219404
RUS,2009,1,0,1,-1.497682533,73.642,8381.8681640625,0.311,0.724,0.372,-0.154,0.534,0.549,0.639,1,9.59,9.03382609990302,Russia_9,1,Russia_9,1,Russia_9,1,1,RUS_1993_2012,0.6890000000000001,0.39355898393422073,0.030454410965406666
RWA,1993,1,0,1,NA,7.313,325.8355093679262,0.187,0.217,0.884,0.977,2.08,0.341,0.425,1,2.249,5.786392681536148,Rwanda_7,1,Rwanda_7,1,Rwanda_7,1,1,RWA_1993_1995,0.813,0.27164173221378063,0.03876751197966167
RWA,1994,1,0,1,NA,8.49,190.33074780473572,0.143,0.194,0.884,-1.636,2.768,0.25,0.422,1,2.324,5.2487633366823365,Rwanda_7,1,Rwanda_7,1,Rwanda_7,1,1,RWA_1993_1995,0.857,0.26086253556726263,0.012228640088620506
RWA,1995,0,0,0,NA,9.837,304.7015244777682,0.102,0.599,0.514,-2.925,0.651,0.265,0.444,1,2.399,5.719332689188101,Rwanda_7,1,Rwanda_7,1,Rwanda_7,1,1,RWA_1993_1995,0.898,0.25592117068802506,0.031698730736832575
SDN,1989,1,0,1,NA,27.41,851.108581542969,0.17,0.38,1.059,0.542,1.334,0.174,0.534,1,NA,6.746539713316549,Sudan_7,1,Sudan_7,1,Sudan_7,1,1,SDN_1989_1990,0.83,NA,NA
SDN,1990,1,0,1,NA,28.61,791.589294433594,0.087,0.258,0.227,-0.225,0.886,0.085,0.879,1,NA,6.674042689677378,Sudan_7,1,Sudan_7,1,Sudan_7,1,1,SDN_1989_1990,0.913,NA,NA
SLB,2000,0,0,0,NA,15.813,1790.3737490346314,0.353,0.218,-0.921,-2.194,-2,0.641,0.492,1,NA,7.49017967538283,Solomon Islands_5,1,Solomon Islands_5,1,Solomon Islands_5,1,1,SLB_1998_2001,0.647,NA,NA
SLB,2001,0,0,0,NA,16.201,1608.941231048549,0.27,0.218,-0.921,-1.131,-2,0.64,0.492,1,NA,7.383331621184584,Solomon Islands_5,1,Solomon Islands_5,1,Solomon Islands_5,1,1,SLB_1998_2001,0.73,NA,NA
SRB,2004,0,0,0,-0.437842515,NA,NA,0.634,0.817,0.542,-0.105,0.696,0.901,0.463,NA,NA,NA,Serbia_13,1,Serbia_13,1,Serbia_13,1,0,NA,0.366,0.4239534785946092,0.05615502005304762
SRB,2005,0,0,0,-0.526665051,NA,NA,0.634,0.817,0.542,-0.105,0.696,0.911,0.463,NA,NA,NA,Serbia_13,1,Serbia_13,1,Serbia_13,1,0,NA,0.366,0.3963798406298078,0.03796211486850956
SRB,2006,0,0,0,-0.616875999,54.105,4648.197020006417,0.637,0.817,0.542,-0.105,0.696,0.912,0.463,0,NA,8.444234685758701,Serbia_13,1,Serbia_13,1,Serbia_13,1,0,NA,0.363,0.47331999499591,0
SRB,2007,0,0,0,-0.706740597,54.328,4967.619715513751,0.632,0.817,0.542,-0.105,0.696,0.912,0.463,0,NA,8.51069607388671,Serbia_13,1,Serbia_13,1,Serbia_13,1,0,NA,0.368,0.4191815242073576,0.04309368748531084
SRB,2008,0,0,0,-0.794943946,54.55,5270.958323173719,0.637,0.817,0.938,-0.105,1.276,0.912,0.463,0,NA,8.56996747000811,Serbia_13,1,Serbia_13,1,Serbia_13,1,0,NA,0.363,0.4141415265135184,0.036045043820282535
SRB,2009,0,0,0,-0.798248208,54.772,5147.568973258671,0.634,0.812,0.6,-0.105,0.927,0.911,0.463,0,NA,8.546279838182484,Serbia_13,1,Serbia_13,1,Serbia_13,1,0,SRB_2010_2024,0.366,0.43964799117676306,0.05006428772760924
SRB,2010,0,0,0,-0.805915976,54.993,5206.086760665958,0.612,0.822,0.818,-0.105,0.927,0.904,0.506,0,NA,8.557583750929657,Serbia_13,1,Serbia_13,1,Serbia_13,1,1,SRB_2010_2024,0.388,0.4264578642724335,0.05378736480058704
SRB,2011,0,0,0,-0.801497502,55.215,5354.200429159427,0.613,0.822,0.818,-0.105,0.927,0.904,0.506,0,NA,8.585636658784807,Serbia_13,1,Serbia_13,1,Serbia_13,1,1,SRB_2010_2024,0.387,NA,NA
SRB,2012,0,0,0,-0.800117442,55.356,5343.578825272625,0.595,0.822,0.709,-0.105,0.927,0.902,0.511,0,NA,8.583650899474492,Serbia_13,1,Serbia_13,1,Serbia_13,1,1,SRB_2010_2024,0.405,NA,NA
SRB,2013,0,0,0,-0.800601899,55.469,5524.967865332563,0.504,0.815,0.889,-0.105,0.799,0.854,0.527,0,NA,8.61703271013964,Serbia_13,1,Serbia_13,1,Serbia_13,1,1,SRB_2010_2024,0.496,NA,NA
SRB,2014,0,0,0,-0.798910275,55.583,5462.734774973851,0.446,0.815,0.969,0.217,0.799,0.836,0.531,0,NA,8.605704817880506,Serbia_13,1,Serbia_13,1,Serbia_13,1,1,SRB_2010_2024,0.554,NA,NA
SRB,2015,0,0,0,-0.796355998,55.696,5588.979443587698,0.433,0.815,1.346,1.06,0.799,0.829,0.531,0,NA,8.628551981250355,Serbia_13,1,Serbia_13,1,Serbia_13,1,1,SRB_2010_2024,0.567,NA,NA
SRB,2016,0,0,0,-0.792818685,55.81,5805.89806200667,0.415,0.815,1.346,0.735,0.932,0.824,0.594,0,NA,8.66662958707713,Serbia_13,1,Serbia_13,1,Serbia_13,1,1,SRB_2010_2024,0.585,NA,NA
SRB,2017,1,1,0,-0.796981484,55.942,5959.521303911711,0.378,0.806,1.447,0.809,0.804,0.795,0.583,0,NA,8.692745438698102,Serbia_13,1,Serbia_13,1,Serbia_13,1,1,SRB_2010_2024,0.622,NA,NA
SUR,1980,0,0,0,NA,64.96,7115.274492840947,0.221,0.592,-1.784,-1.13,-1.308,0.537,0.253,1,NA,8.869999089237401,Suriname_5,1,Suriname_5,1,Suriname_5,1,1,SUR_1980_1981,0.779,NA,NA
SUR,1981,0,0,0,NA,65.035,7605.313720246131,0.174,0.592,-1.784,-1.13,-1.308,0.534,0.253,1,NA,8.936602455682944,Suriname_5,1,Suriname_5,1,Suriname_5,1,1,SUR_1980_1981,0.8260000000000001,NA,NA
SUR,1982,0,0,0,NA,65.11,7258.294814502185,0.167,0.592,-1.784,-1.13,-1.308,0.525,0.253,1,NA,8.889900206196105,Suriname_5,1,Suriname_5,1,Suriname_5,1,0,NA,0.833,NA,NA
SUR,1983,1,1,0,NA,65.184,6936.227923295265,0.163,0.592,-1.784,-1.13,-1.308,0.52,0.253,1,NA,8.84451337883386,Suriname_5,1,Suriname_5,1,Suriname_5,1,0,NA,0.837,NA,NA
SUR,1991,0,0,0,NA,65.78,6594.021070031876,0.451,0.64,-0.909,-0.907,-1.35,0.875,0.223,0,NA,8.793918618960493,Suriname_7,1,Suriname_7,1,Suriname_7,1,1,SUR_1991_1991,0.5489999999999999,NA,NA
TGO,2017,1,1,0,0.25948821,41.162,794.4251002634966,0.452,0.614,2.202,3.281,0.377,0.65,0.742,1,NA,6.677618708736709,Togo_9,1,Togo_9,1,Togo_9,1,0,NA,0.548,NA,NA
THA,1991,0,0,0,NA,29.593,2787.3995254455367,0.211,0.361,0.683,1.627,-0.776,0.537,0.864,1,6.683,7.932864370435533,Thailand_15,1,Thailand_15,1,Thailand_15,1,1,THA_1991_1991,0.789,NA,NA
THA,2006,1,1,1,0.047820652,38.673,4568.556419766076,0.236,0.658,2.642,1.621,0.548,0.582,0.735,1,7.79,8.426952552097797,Thailand_21,1,Thailand_21,1,Thailand_21,1,1,THA_2005_2007,0.764,NA,NA
THA,2007,1,1,1,-0.283546212,39.95,4780.30338592987,0.186,0.668,0.048,-0.196,1.828,0.581,0.688,1,7.82,8.4722592933311809,Thailand_21,1,Thailand_21,1,Thailand_21,1,1,THA_2005_2007,0.8140000000000001,NA,NA
THA,2013,1,1,1,-0.128135726,46.193,5537.742322045604,0.432,0.611,2.968,1.077,2.95,0.591,0.663,0,NA,8.619342173584764,Thailand_25,1,Thailand_25,1,Thailand_25,1,1,THA_2013_2014,0.5680000000000001,NA,NA
THA,2014,1,1,1,-0.828653034,46.943,5561.697616424822,0.158,0.615,1.75,1.455,2.625,0.405,0.734,1,NA,8.62365866733703,Thailand_25,1,Thailand_25,1,Thailand_25,1,1,THA_2013_2014,0.842,NA,NA
THA,2015,1,1,1,-0.827674424,47.694,5708.794091057982,0.152,0.628,-0.889,-1.142,-0.124,0.374,0.734,1,NA,8.64976308788659,Thailand_25,1,Thailand_25,1,Thailand_25,1,0,NA,0.848,NA,NA
THA,2016,1,1,1,-0.83062418,48.448,5878.753939544197,0.155,0.612,-0.776,-0.904,-0.124,0.368,0.734,1,NA,8.679100103392003,Thailand_25,1,Thailand_25,1,Thailand_25,1,0,NA,0.845,NA,NA
THA,2017,1,1,1,-0.826575229,49.2,6099.198026352396,0.15,0.581,-0.776,-0.904,0.032,0.356,0.734,1,NA,8.71591257042855,Thailand_25,1,Thailand_25,1,Thailand_25,1,0,NA,0.85,NA,NA
TJK,1993,1,0,1,NA,29.972,683.5854137934283,0.216,0.41,0.254,-0.932,-0.191,0.204,0.833,1,9.58,6.527351613672405,Tajikistan_1,1,Tajikistan_1,1,Tajikistan_1,1,1,TJK_1992_1995,0.784,NA,NA
TJK,1994,1,0,1,NA,29.421,529.9929183088744,0.194,0.41,0.254,-0.932,-0.191,0.2,0.833,1,9.572,6.272863644775531,Tajikistan_1,1,Tajikistan_1,1,Tajikistan_1,1,1,TJK_1992_1995,0.806,NA,NA
TJK,1995,1,0,1,NA,28.877,455.3855643652324,0.172,0.41,0.254,-0.932,-0.191,0.256,0.869,1,9.564,6.121144454324482,Tajikistan_1,1,Tajikistan_1,1,Tajikistan_1,1,1,TJK_1992_1995,0.8280000000000001,NA,NA
TUR,1980,1,0,1,NA,43.78,3931.456247030156,0.34,0.581,0.525,0.06,1.582,0.302,0.155,1,4.23,8.27676518254608,Turkey_7,1,Turkey_7,1,Turkey_7,1,1,TUR_1980_1981,0.6599999999999999,0.2737583768677873,0.02315740232189625
TUR,1981,1,0,1,NA,45.189,4040.57130060989,0.114,0.578,-0.918,-0.642,1.256,0.241,0.155,1,4.336,8.304141371999648,Turkey_7,1,Turkey_7,1,Turkey_7,1,1,TUR_1980_1981,0.886,0.2943467919735047,0.029786450457264066
TUR,2007,0,0,0,-0.393433238,69.053,8414.253503875649,0.62,0.646,0.961,1.523,1.678,0.705,0.577,0,6.615,9.037682392514721,Turkey_15,1,Turkey_15,1,Turkey_15,1,1,TUR_2005_2017,0.38,0.3463384826512765,0
TUR,2008,0,0,0,-0.49297815,69.651,8376.149246206516,0.558,0.63,0.304,0.798,1.416,0.688,0.591,0,6.66,9.033143570706638,Turkey_15,1,Turkey_15,1,Turkey_15,1,1,TUR_2005_2017,0.44199999999999995,0.3755856471999791,0.021917757323618798
TUR,2009,0,0,0,-0.573028306,70.241,7862.870764744767,0.551,0.629,0.53,1.077,1.416,0.683,0.591,0,6.705,8.969907055985248,Turkey_15,1,Turkey_15,1,Turkey_15,1,1,TUR_2005_2017,0.44899999999999995,0.3685581516560003,0.025612040942866388
TUR,2011,0,0,0,-0.333075081,71.402,9201.337260598297,0.52,0.705,0.784,1.741,2.088,0.651,0.701,0,NA,9.12710410688706,Turkey_17,1,Turkey_17,1,Turkey_17,1,1,TUR_2005_2017,0.48,NA,NA
TUR,2012,0,0,0,-0.285156632,71.974,9519.815089109135,0.512,0.706,0.887,1.822,1.845,0.647,0.729,0,NA,9.161130704183869,Turkey_17,1,Turkey_17,1,Turkey_17,1,1,TUR_2005_2017,0.488,NA,NA
TUR,2013,1,1,0,-0.409146445,72.531,10195.847578515262,0.47,0.667,2.974,4.705,2.276,0.541,0.739,0,NA,9.229735816239039,Turkey_17,1,Turkey_17,1,Turkey_17,1,1,TUR_2005_2017,0.53,NA,NA
TUR,2014,1,1,0,-0.541840078,73.077,10556.117041150386,0.429,0.672,1.202,2.357,2.069,0.547,0.773,0,NA,9.264460785203884,Turkey_17,1,Turkey_17,1,Turkey_17,1,1,TUR_2005_2017,0.571,NA,NA
TUR,2015,1,1,1,-0.677034109,73.611,11049.995110094244,0.387,0.672,1.107,1.811,2.119,0.512,0.784,0,NA,9.310185264420394,Turkey_17,1,Turkey_17,1,Turkey_17,1,1,TUR_2005_2017,0.613,NA,NA
TUR,2016,1,0,1,-0.50088494,74.134,11264.614574933474,0.305,0.589,1.315,1.569,3.12,0.343,0.823,1,NA,9.329421637894288,Turkey_17,1,Turkey_17,1,Turkey_17,1,1,TUR_2005_2017,0.6950000000000001,NA,NA
TUR,2017,1,1,1,-0.318199751,74.644,11953.666417402625,0.29,0.597,0.898,1.51,3.011,0.333,0.877,1,NA,9.38879332347389,Turkey_17,1,Turkey_17,1,Turkey_17,1,1,TUR_2005_2017,0.71,NA,NA
UGA,1985,1,0,1,NA,9.152,337.6555629735975,0.182,0.177,-1.596,-1.753,0.524,0.254,0.714,1,2.4,5.8220263314473915,Uganda_3,1,Uganda_3,1,Uganda_3,1,0,NA,0.8180000000000001,NA,NA
UGA,1986,1,0,1,NA,9.511,329.169325974997,0.125,0.155,-2.298,-2.496,0.107,0.306,0.426,1,2.444,5.796572286985916,Uganda_3,1,Uganda_3,1,Uganda_3,1,0,NA,0.875,NA,NA
UKR,1997,0,0,0,-1.490855801,67.029,1331.31848144531,0.53,0.836,-0.052,-0.174,-0.41,0.741,0.829,0,10.527,7.1939250695959345,Ukraine_3,1,Ukraine_3,1,Ukraine_3,1,1,UKR_1997_2000,0.47,0.37627039919104605,0.033513858296132945
UKR,1998,0,0,0,-1.372513835,67.067,1317.74645996094,0.45,0.853,-0.133,-0.08,-0.41,0.733,0.829,0,10.644,7.183678329304798,Ukraine_3,1,Ukraine_3,1,Ukraine_3,1,1,UKR_1997_2000,0.55,0.37310086911875484,0.017050722306822693
UKR,1999,0,0,0,-1.265361594,67.106,1327.5673828125,0.424,0.834,0.41,0.284,-0.27,0.706,0.802,0,10.761,7.191103511008682,Ukraine_3,1,Ukraine_3,1,Ukraine_3,1,1,UKR_1997_2000,0.5760000000000001,0.3790012860524335,0
UKR,2000,1,1,0,-1.224681078,67.145,1420.11669921875,0.384,0.845,1.59,1.523,-0.4,0.695,0.75,0,10.878,7.258494329766921,Ukraine_3,1,Ukraine_3,1,Ukraine_3,1,1,UKR_1997_2000,0.616,0.3609215679271987,0.025125261338189642
UKR,2001,1,1,0,-1.127703697,67.183,1561.41027832031,0.384,0.847,1.088,1.18,-0.4,0.708,0.768,0,10.942,7.353344716423785,Ukraine_3,1,Ukraine_3,1,Ukraine_3,1,0,NA,0.616,0.38958234279545917,0.030489938287515325
UKR,2002,1,1,0,-1.041364871,67.283,1660.47790527344,0.391,0.868,0.257,0.182,-0.256,0.729,0.789,0,11.005,7.414860734659886,Ukraine_3,1,Ukraine_3,1,Ukraine_3,1,0,NA,0.609,0.3864304512749618,0.028857569135134136
UKR,2008,0,0,0,-1.325033014,68.325,2598.83325195313,0.609,0.835,-0.384,-0.035,-0.528,0.845,0.799,0,11.385,7.8628178740427,Ukraine_5,1,Ukraine_5,1,Ukraine_5,1,0,NA,0.391,0.372357428964491,0.035223327760116156
UKR,2009,0,0,0,-1.341720333,68.502,2215.27221679688,0.613,0.835,-0.508,-0.035,-0.528,0.844,0.846,0,11.448,7.703130571901783,Ukraine_5,1,Ukraine_5,1,Ukraine_5,1,0,UKR_2010_2014,0.387,0.4189435939169692,0.034250550799627306
UKR,2010,0,0,0,-1.069748659,68.596,2315.10009765625,0.49,0.805,0.081,0.14,-0.144,0.76,0.851,0,11.512,7.747208204313969,Ukraine_5,1,Ukraine_5,1,Ukraine_5,1,1,UKR_2010_2014,0.51,0.39679934189478183,0
UKR,2011,0,0,0,-0.797846181,68.689,2449.9580078125,0.485,0.809,0.171,0.337,-0.144,0.773,0.851,0,NA,7.803826163723519,Ukraine_5,1,Ukraine_5,1,Ukraine_5,1,1,UKR_2010_2014,0.515,NA,NA
UKR,2012,0,0,0,-0.751543426,68.782,2459.75708007813,0.483,0.818,0.346,0.441,-0.144,0.773,0.851,0,NA,7.8078178761147905,Ukraine_5,1,Ukraine_5,1,Ukraine_5,1,1,UKR_2010_2014,0.517,NA,NA
UKR,2013,1,1,0,-0.683793532,68.875,2466.484375,0.464,0.834,3.313,2.824,0.932,0.737,0.851,0,NA,7.810549085766235,Ukraine_5,1,Ukraine_5,1,Ukraine_5,1,1,UKR_2010_2014,0.536,NA,NA
UKR,2014,1,1,1,-0.610359057,68.968,2346.2373046875,0.417,0.801,4.013,3.84,1.604,0.609,0.713,0,NA,7.760568176991034,Ukraine_5,1,Ukraine_5,1,Ukraine_5,1,1,UKR_2010_2014,0.583,NA,NA
UKR,2015,1,0,1,-0.540097774,69.061,2124.66259765625,0.421,0.801,0.691,0.525,-0.001,0.633,0.636,0,NA,7.661368291178494,Ukraine_5,1,Ukraine_5,1,Ukraine_5,1,0,NA,0.579,NA,NA
VEN,2000,0,0,0,-0.098490678,87.559,NA,0.573,0.537,1.626,1.602,1.921,0.773,0.871,0,6.43,NA,Venezuela_13,1,Venezuela_13,1,Venezuela_13,1,1,VEN_1998_2018,0.42700000000000005,0.42765240525431375,0
VEN,2001,0,0,0,-0.122744645,87.85,NA,0.532,0.537,1.448,1.602,1.868,0.761,0.871,0,6.45,NA,Venezuela_13,1,Venezuela_13,1,Venezuela_13,1,1,VEN_1998_2018,0.46799999999999997,0.39418950505841305,0.02262641011146829
VEN,2002,1,1,0,0.032283784,87.876,NA,0.499,0.495,3.233,2.608,2.473,0.728,0.898,0,6.47,NA,Venezuela_13,1,Venezuela_13,1,Venezuela_13,1,1,VEN_1998_2018,0.501,0.38655342909839446,0.025569571052023666
VEN,2003,1,1,0,0.141054313,87.902,NA,0.483,0.495,2.221,2.217,2.473,0.708,0.898,0,6.49,NA,Venezuela_13,1,Venezuela_13,1,Venezuela_13,1,1,VEN_1998_2018,0.517,0.3838187710753369,0.041770030265141915
VEN,2006,0,0,0,0.783910067,87.98,NA,0.453,0.449,1.674,1.431,2.233,0.709,0.888,1,6.55,NA,Venezuela_15,1,Venezuela_15,1,Venezuela_15,1,1,VEN_1998_2018,0.5469999999999999,0.4246622788246932,0.026301322738782513
VEN,2007,0,0,0,0.898870898,88.006,NA,0.434,0.449,3.058,2.514,2.692,0.701,0.941,1,6.57,NA,Venezuela_15,1,Venezuela_15,1,Venezuela_15,1,1,VEN_1998_2018,0.5660000000000001,0.4283452840684173,0.030571921858421978
VEN,2008,0,0,0,1.279200042,88.031,NA,0.433,0.457,1.49,1.629,2.37,0.704,0.925,1,6.59,NA,Venezuela_15,1,Venezuela_15,1,Venezuela_15,1,1,VEN_1998_2018,0.567,0.39235912114542465,0.02508405377809184
VEN,2011,0,0,0,1.271631144,88.108,NA,0.414,0.399,1.405,1.73,2.172,0.685,0.954,1,NA,NA,Venezuela_17,1,Venezuela_17,1,Venezuela_17,1,1,VEN_1998_2018,0.5860000000000001,NA,NA
VEN,2012,0,0,0,1.440041488,88.123,NA,0.401,0.371,1.92,1.928,2.603,0.672,0.954,1,NA,NA,Venezuela_17,1,Venezuela_17,1,Venezuela_17,1,1,VEN_1998_2018,0.599,NA,NA
VEN,2013,0,0,0,1.516357389,88.133,NA,0.324,0.302,2.502,2.383,2.643,0.601,0.964,1,NA,NA,Venezuela_17,1,Venezuela_17,1,Venezuela_17,1,1,VEN_1998_2018,0.6759999999999999,NA,NA
VEN,2014,1,1,0,1.268813513,88.144,NA,0.31,0.241,3.784,3.295,1.876,0.56,0.964,1,NA,NA,Venezuela_17,1,Venezuela_17,1,Venezuela_17,1,1,VEN_1998_2018,0.69,NA,NA
VEN,2015,1,1,0,1.127886022,88.154,NA,0.297,0.198,2.454,2.364,1.679,0.525,0.964,1,NA,NA,Venezuela_17,1,Venezuela_17,1,Venezuela_17,1,1,VEN_1998_2018,0.7030000000000001,NA,NA
VEN,2016,1,1,0,0.904365453,88.165,NA,0.292,0.152,2.857,2.528,1.487,0.529,0.971,1,NA,NA,Venezuela_17,1,Venezuela_17,1,Venezuela_17,1,1,VEN_1998_2018,0.708,NA,NA
VEN,2017,1,1,0,0.724824778,88.183,NA,0.232,0.102,3.721,3.308,1.56,0.412,0.971,1,NA,NA,Venezuela_17,1,Venezuela_17,1,Venezuela_17,1,1,VEN_1998_2018,0.768,NA,NA
VUT,1991,0,0,0,NA,18.998,2580.859469843904,0.683,0.616,-2.148,-1.395,-1.627,0.862,0.405,0,NA,7.855877750287377,Vanuatu_5,1,Vanuatu_5,1,Vanuatu_5,1,0,NA,0.31699999999999995,NA,NA
VUT,1992,0,0,0,NA,19.285,2582.488059849069,0.608,0.616,-2.148,-1.395,-1.627,0.865,0.593,0,NA,7.85650857749775,Vanuatu_5,1,Vanuatu_5,1,Vanuatu_5,1,0,NA,0.392,NA,NA
VUT,1993,0,0,0,NA,19.574,2537.92750017652,0.608,0.616,-2.148,-1.395,-1.627,0.865,0.593,0,NA,7.839103082136033,Vanuatu_5,1,Vanuatu_5,1,Vanuatu_5,1,0,NA,0.392,NA,NA
VUT,1994,0,0,0,NA,19.868,2701.7247179028755,0.608,0.616,-2.148,-1.395,-1.627,0.871,0.593,0,NA,7.901645632464976,Vanuatu_5,1,Vanuatu_5,1,Vanuatu_5,1,0,NA,0.392,NA,NA
VUT,1995,0,0,0,NA,20.164,2664.0389560049325,0.608,0.616,-1.898,-1.395,-1.627,0.876,0.593,0,NA,7.887598654678338,Vanuatu_5,1,Vanuatu_5,1,Vanuatu_5,1,0,NA,0.392,NA,NA
VUT,1996,0,0,0,NA,20.464,2662.037099550774,0.613,0.616,-1.898,-1.395,-1.627,0.876,0.593,0,NA,7.886846935578744,Vanuatu_5,1,Vanuatu_5,1,Vanuatu_5,1,0,NA,0.387,NA,NA
VUT,1997,0,0,0,NA,20.766,2727.75630250374,0.613,0.616,-1.898,-1.395,-1.627,0.876,0.593,0,NA,7.911234683046237,Vanuatu_5,1,Vanuatu_5,1,Vanuatu_5,1,0,NA,0.387,NA,NA
VUT,1998,0,0,0,NA,21.073,2696.2912051345816,0.613,0.616,-1.273,-1.395,-1.627,0.876,0.593,0,NA,7.899632479973085,Vanuatu_5,1,Vanuatu_5,1,Vanuatu_5,1,0,NA,0.387,NA,NA
VUT,1999,0,0,0,NA,21.382,2642.6844991352164,0.612,0.616,-1.886,-1.395,-1.627,0.876,0.593,0,NA,7.879550535225815,Vanuatu_5,1,Vanuatu_5,1,Vanuatu_5,1,0,NA,0.388,NA,NA
VUT,2000,0,0,0,NA,21.673,2731.606677559133,0.612,0.707,-1.886,-1.395,-1.627,0.877,0.593,0,NA,7.9126452416435935,Vanuatu_5,1,Vanuatu_5,1,Vanuatu_5,1,0,NA,0.388,NA,NA
YEM,2015,1,1,1,-0.70834221,34.777,1488.4162886442048,0.184,0.102,-0.151,-0.959,1.632,0.156,0.919,1,NA,7.305467940140216,Yemen_9,1,Yemen_9,1,Yemen_9,1,1,YEM_2013_2016,0.8160000000000001,NA,NA
YEM,2016,1,1,1,-0.710301471,35.394,1313.973626690173,0.113,0.124,-0.151,-1.229,1.632,0.142,0.939,1,NA,7.1808111278310855,Yemen_9,1,Yemen_9,1,Yemen_9,1,1,YEM_2013_2016,0.887,NA,NA
YEM,2017,1,1,1,-0.706535874,36.016,1215.7526115488015,0.111,0.04,-0.151,-1.229,1.577,0.119,0.947,1,NA,7.103118597378484,Yemen_9,1,Yemen_9,1,Yemen_9,1,0,NA,0.889,NA,NA
ZMB,2014,0,0,0,0.90955503,41.382,1312.0144334762558,0.478,0.335,0.06,0.308,-0.646,0.757,0.203,0,NA,7.179318970568717,Zambia_9,1,Zambia_9,1,Zambia_9,1,1,ZMB_2011_2017,0.522,NA,NA
ZMB,2015,0,0,0,0.941058449,41.907,1307.9096491603236,0.456,0.335,0.965,0.308,-0.646,0.751,0.258,0,NA,7.176185454065815,Zambia_9,1,Zambia_9,1,Zambia_9,1,1,ZMB_2011_2017,0.544,NA,NA
ZMB,2016,0,0,0,1.004489226,42.438,1314.9770746587758,0.402,0.258,1.229,0.301,-0.646,0.713,0.258,0,NA,7.181574510740334,Zambia_9,1,Zambia_9,1,Zambia_9,1,1,ZMB_2011_2017,0.598,NA,NA
ZMB,2017,0,0,0,1.042971336,42.976,1319.607777476986,0.364,0.264,0.957,-0.07,-0.646,0.711,0.349,0,NA,7.185089833151082,Zambia_9,1,Zambia_9,1,Zambia_9,1,1,ZMB_2011_2017,0.636,NA,NA
